********************************************************************************
Parallel version (MPI) on      126 processors
              eDFTpy Version : 0.0.1dev0+gitaI.e1d589e
               DFTpy Version : 2.2.1.dev26+ga8abae515
                QEpy Version : 7.2.1rc0
********************************************************************************
Begin on : 2026-07-22 15:41:19
################################################################################
GlobalCell grid [128 128 128]
Communicators recreated :  126
Number of subsystems :  109
Number of processors for each subsystem : 
  [15  2  2  2  1  1  1  1  1  1  1  1  1  1  1  1  1  1  1  1  1  1  1  1  1  1
  1  1  1  1  1  1  1  1  1  1  1  1  1  1  1  1  1  1  1  1  1  1  1  1  1  1
  1  1  1  1  1  1  1  1  1  1  1  1  1  1  1  1  1  1  1  1  1  1  1  1  1  1
  1  1  1  1  1  1  1  1  1  1  1  1  1  1  1  1  1  1  1  1  1  1  1  1  1  1
  1  1  1  1  1]
Used of processors and remainder : 126 0
Subsystem : SUB_CU KS [0, 1, 2, 3, 4, 5, 6, 7, 8, 9, 10, 11, 12, 13, 14, 15, 16,
17, 18]
Subsystem : SUB_CL KS [19, 20]
Subsystem : SUB_H2O_0 KS [21, 22, 23]
Subsystem : SUB_H2O_1 KS [24, 25, 26]
Subsystem : SUB_H2O_2 KS [27, 28, 29]
Subsystem : SUB_H2O_3 KS [30, 31, 32]
Subsystem : SUB_H2O_4 KS [33, 34, 35]
Subsystem : SUB_H2O_5 KS [36, 37, 38]
Subsystem : SUB_H2O_6 KS [39, 40, 41]
Subsystem : SUB_H2O_7 KS [42, 43, 44]
Subsystem : SUB_H2O_8 KS [45, 46, 47]
Subsystem : SUB_H2O_9 KS [48, 49, 50]
Subsystem : SUB_H2O_10 KS [51, 52, 53]
Subsystem : SUB_H2O_11 KS [54, 55, 56]
Subsystem : SUB_H2O_12 KS [57, 58, 59]
Subsystem : SUB_H2O_13 KS [60, 61, 62]
Subsystem : SUB_H2O_14 KS [63, 64, 65]
Subsystem : SUB_H2O_15 KS [66, 67, 68]
Subsystem : SUB_H2O_16 KS [69, 70, 71]
Subsystem : SUB_H2O_17 KS [72, 73, 74]
Subsystem : SUB_H2O_18 KS [75, 76, 77]
Subsystem : SUB_H2O_19 KS [78, 79, 80]
Subsystem : SUB_H2O_20 KS [81, 82, 83]
Subsystem : SUB_H2O_21 KS [84, 85, 86]
Subsystem : SUB_H2O_22 KS [87, 88, 89]
Subsystem : SUB_H2O_23 KS [90, 91, 92]
Subsystem : SUB_H2O_24 KS [93, 94, 95]
Subsystem : SUB_H2O_25 KS [96, 97, 98]
Subsystem : SUB_H2O_26 KS [99, 100, 101]
Subsystem : SUB_H2O_27 KS [102, 103, 104]
Subsystem : SUB_H2O_28 KS [105, 106, 107]
Subsystem : SUB_H2O_29 KS [108, 109, 110]
Subsystem : SUB_H2O_30 KS [111, 112, 113]
Subsystem : SUB_H2O_31 KS [114, 115, 116]
Subsystem : SUB_H2O_32 KS [117, 118, 119]
Subsystem : SUB_H2O_33 KS [120, 121, 122]
Subsystem : SUB_H2O_34 KS [123, 124, 125]
Subsystem : SUB_H2O_35 KS [126, 127, 128]
Subsystem : SUB_H2O_36 KS [129, 130, 131]
Subsystem : SUB_H2O_37 KS [132, 133, 134]
Subsystem : SUB_H2O_38 KS [135, 136, 137]
Subsystem : SUB_H2O_39 KS [138, 139, 140]
Subsystem : SUB_H2O_40 KS [141, 142, 143]
Subsystem : SUB_H2O_41 KS [144, 145, 146]
Subsystem : SUB_H2O_42 KS [147, 148, 149]
Subsystem : SUB_H2O_43 KS [150, 151, 152]
Subsystem : SUB_H2O_44 KS [153, 154, 155]
Subsystem : SUB_H2O_45 KS [156, 157, 158]
Subsystem : SUB_H2O_46 KS [159, 160, 161]
Subsystem : SUB_H2O_47 KS [162, 163, 164]
Subsystem : SUB_H2O_48 KS [165, 166, 167]
Subsystem : SUB_H2O_49 KS [168, 169, 170]
Subsystem : SUB_H2O_50 KS [171, 172, 173]
Subsystem : SUB_H2O_51 KS [174, 175, 176]
Subsystem : SUB_H2O_52 KS [177, 178, 179]
Subsystem : SUB_H2O_53 KS [180, 181, 182]
Subsystem : SUB_H2O_54 KS [183, 184, 185]
Subsystem : SUB_H2O_55 KS [186, 187, 188]
Subsystem : SUB_H2O_56 KS [189, 190, 191]
Subsystem : SUB_H2O_57 KS [192, 193, 194]
Subsystem : SUB_H2O_58 KS [195, 196, 197]
Subsystem : SUB_H2O_59 KS [198, 199, 200]
Subsystem : SUB_H2O_60 KS [201, 202, 203]
Subsystem : SUB_H2O_61 KS [204, 205, 206]
Subsystem : SUB_H2O_62 KS [207, 208, 209]
Subsystem : SUB_H2O_63 KS [210, 211, 212]
Subsystem : SUB_H2O_64 KS [213, 214, 215]
Subsystem : SUB_H2O_65 KS [216, 217, 218]
Subsystem : SUB_H2O_66 KS [219, 220, 221]
Subsystem : SUB_H2O_67 KS [222, 223, 224]
Subsystem : SUB_H2O_68 KS [225, 226, 227]
Subsystem : SUB_H2O_69 KS [228, 229, 230]
Subsystem : SUB_H2O_70 KS [231, 232, 233]
Subsystem : SUB_H2O_71 KS [234, 235, 236]
Subsystem : SUB_H2O_72 KS [237, 238, 239]
Subsystem : SUB_H2O_73 KS [240, 241, 242]
Subsystem : SUB_H2O_74 KS [243, 244, 245]
Subsystem : SUB_H2O_75 KS [246, 247, 248]
Subsystem : SUB_H2O_76 KS [249, 250, 251]
Subsystem : SUB_H2O_77 KS [252, 253, 254]
Subsystem : SUB_H2O_78 KS [255, 256, 257]
Subsystem : SUB_H2O_79 KS [258, 259, 260]
Subsystem : SUB_H2O_80 KS [261, 262, 263]
Subsystem : SUB_H2O_81 KS [264, 265, 266]
Subsystem : SUB_H2O_82 KS [267, 268, 269]
Subsystem : SUB_H2O_83 KS [270, 271, 272]
Subsystem : SUB_H2O_84 KS [273, 274, 275]
Subsystem : SUB_H2O_85 KS [276, 277, 278]
Subsystem : SUB_H2O_86 KS [279, 280, 281]
Subsystem : SUB_H2O_87 KS [282, 283, 284]
Subsystem : SUB_H2O_88 KS [285, 286, 287]
Subsystem : SUB_H2O_89 KS [288, 289, 290]
Subsystem : SUB_H2O_90 KS [291, 292, 293]
Subsystem : SUB_H2O_91 KS [294, 295, 296]
Subsystem : SUB_H2O_92 KS [297, 298, 299]
Subsystem : SUB_H2O_93 KS [300, 301, 302]
Subsystem : SUB_H2O_94 KS [303, 304, 305]
Subsystem : SUB_H2O_95 KS [306, 307, 308]
Subsystem : SUB_H2O_96 KS [309, 310, 311]
Subsystem : SUB_H2O_97 KS [312, 313, 314]
Subsystem : SUB_H2O_98 KS [315, 316, 317]
Subsystem : SUB_H2O_99 KS [318, 319, 320]
Subsystem : SUB_H2O_100 KS [321, 322, 323]
Subsystem : SUB_H2O_101 KS [324, 325, 326]
Subsystem : SUB_H2O_102 KS [327, 328, 329]
Subsystem : SUB_H2O_103 KS [330, 331, 332]
Subsystem : SUB_H2O_104 KS [333, 334, 335]
Subsystem : SUB_H2O_105 KS [336, 337, 338]
Subsystem : SUB_H2O_106 KS [339, 340, 341]
setting key: Cu -> ../../../DATA//cu_pbe_v1.2.uspp.F.UPF
setting key: O -> ../../../DATA//o_pbe_v1.2.uspp.F.UPF
setting key: H -> ../../../DATA//h_pbe_v1.4.uspp.F.UPF
setting key: Cl -> ../../../DATA//cl_pbe_v1.4.uspp.F.UPF
fake :   2.00000000E+00 deviation :   0.00000000E+00
fake :   2.00000000E+00 deviation :  -2.88657986E-15
fake :   2.00000000E+00 deviation :   4.44089210E-16
fake :   2.00000000E+00 deviation :  -1.33226763E-15
fake :   2.00000000E+00 deviation :   1.77635684E-15
fake :   2.00000000E+00 deviation :   2.22044605E-15
fake :   2.00000000E+00 deviation :  -2.22044605E-15
fake :   2.00000000E+00 deviation :   2.22044605E-15
fake :   2.00000000E+00 deviation :  -8.88178420E-16
fake :   2.00000000E+00 deviation :   1.33226763E-15
fake :   2.00000000E+00 deviation :   1.77635684E-15
fake :   2.00000000E+00 deviation :  -8.88178420E-16
fake :   2.00000000E+00 deviation :   1.77635684E-15
fake :   2.00000000E+00 deviation :  -3.10862447E-15
fake :   2.00000000E+00 deviation :   1.33226763E-15
fake :   2.00000000E+00 deviation :  -2.22044605E-15
fake :   2.00000000E+00 deviation :  -8.88178420E-16
fake :   2.00000000E+00 deviation :   3.99680289E-15
fake :   2.00000000E+00 deviation :   2.66453526E-15
fake :   2.00000000E+00 deviation :  -2.22044605E-16
fake :   2.00000000E+00 deviation :   4.44089210E-16
fake :   2.00000000E+00 deviation :  -2.88657986E-15
fake :   2.00000000E+00 deviation :  -1.55431223E-15
fake :   2.00000000E+00 deviation :  -2.22044605E-16
fake :   2.00000000E+00 deviation :   4.88498131E-15
fake :   2.00000000E+00 deviation :  -8.88178420E-16
fake :   2.00000000E+00 deviation :  -6.66133815E-16
fake :   2.00000000E+00 deviation :  -1.33226763E-15
fake :   2.00000000E+00 deviation :  -8.88178420E-16
fake :   2.00000000E+00 deviation :   0.00000000E+00
fake :   2.00000000E+00 deviation :   1.33226763E-15
fake :   2.00000000E+00 deviation :  -1.77635684E-15
fake :   2.00000000E+00 deviation :   0.00000000E+00
fake :   2.00000000E+00 deviation :  -1.33226763E-15
fake :   2.00000000E+00 deviation :   4.44089210E-16
fake :   2.00000000E+00 deviation :   1.77635684E-15
fake :   2.00000000E+00 deviation :   3.99680289E-15
fake :   2.00000000E+00 deviation :  -2.44249065E-15
fake :   2.00000000E+00 deviation :   2.66453526E-15
fake :   2.00000000E+00 deviation :  -2.22044605E-15
fake :   2.00000000E+00 deviation :   8.88178420E-16
fake :   2.00000000E+00 deviation :   1.33226763E-15
fake :   2.00000000E+00 deviation :  -1.77635684E-15
fake :   2.00000000E+00 deviation :   0.00000000E+00
fake :   2.00000000E+00 deviation :   3.55271368E-15
fake :   2.00000000E+00 deviation :   0.00000000E+00
fake :   2.00000000E+00 deviation :   1.77635684E-15
fake :   2.00000000E+00 deviation :   1.33226763E-15
fake :   2.00000000E+00 deviation :   1.33226763E-15
fake :   2.00000000E+00 deviation :  -8.88178420E-16
fake :   2.00000000E+00 deviation :   0.00000000E+00
fake :   2.00000000E+00 deviation :   1.77635684E-15
fake :   2.00000000E+00 deviation :  -1.77635684E-15
fake :   2.00000000E+00 deviation :   2.66453526E-15
fake :   2.00000000E+00 deviation :   1.33226763E-15
fake :   2.00000000E+00 deviation :   4.44089210E-16
fake :   2.00000000E+00 deviation :   2.22044605E-15
fake :   2.00000000E+00 deviation :   4.44089210E-16
fake :   2.00000000E+00 deviation :   3.55271368E-15
fake :   2.00000000E+00 deviation :   1.33226763E-15
fake :   2.00000000E+00 deviation :   3.10862447E-15
fake :   2.00000000E+00 deviation :  -8.88178420E-16
fake :   2.00000000E+00 deviation :   8.88178420E-16
fake :   2.00000000E+00 deviation :   0.00000000E+00
fake :   2.00000000E+00 deviation :   1.77635684E-15
fake :   2.00000000E+00 deviation :   1.77635684E-15
fake :   2.00000000E+00 deviation :   4.88498131E-15
fake :   2.00000000E+00 deviation :  -3.77475828E-15
fake :   2.00000000E+00 deviation :  -2.22044605E-16
fake :   2.00000000E+00 deviation :   1.77635684E-15
fake :   2.00000000E+00 deviation :   2.66453526E-15
fake :   2.00000000E+00 deviation :   1.77635684E-15
fake :   2.00000000E+00 deviation :   3.55271368E-15
fake :   2.00000000E+00 deviation :   4.44089210E-16
fake :   2.00000000E+00 deviation :   4.44089210E-16
fake :   2.00000000E+00 deviation :  -8.88178420E-16
fake :   2.00000000E+00 deviation :   2.22044605E-15
fake :   2.00000000E+00 deviation :   1.77635684E-15
fake :   2.00000000E+00 deviation :  -1.33226763E-15
fake :   2.00000000E+00 deviation :   3.55271368E-15
fake :   2.00000000E+00 deviation :   0.00000000E+00
fake :   2.00000000E+00 deviation :   1.33226763E-15
fake :   2.00000000E+00 deviation :   4.44089210E-16
fake :   2.00000000E+00 deviation :  -6.66133815E-16
fake :   2.00000000E+00 deviation :   4.44089210E-16
fake :   2.00000000E+00 deviation :   3.99680289E-15
fake :   2.00000000E+00 deviation :  -1.33226763E-15
fake :   2.00000000E+00 deviation :   8.88178420E-16
fake :   2.00000000E+00 deviation :  -2.44249065E-15
fake :   2.00000000E+00 deviation :   4.44089210E-16
fake :   2.00000000E+00 deviation :   0.00000000E+00
fake :   2.00000000E+00 deviation :   1.77635684E-15
fake :   2.00000000E+00 deviation :  -3.99680289E-15
fake :   2.00000000E+00 deviation :  -3.77475828E-15
fake :   2.00000000E+00 deviation :  -3.10862447E-15
fake :   2.00000000E+00 deviation :  -8.88178420E-16
fake :   2.00000000E+00 deviation :  -8.88178420E-16
fake :   2.00000000E+00 deviation :   4.44089210E-16
fake :   2.00000000E+00 deviation :   4.44089210E-16
fake :   2.00000000E+00 deviation :  -6.66133815E-16
fake :   2.00000000E+00 deviation :   1.77635684E-15
fake :   2.00000000E+00 deviation :  -2.44249065E-15
fake :   2.00000000E+00 deviation :   8.88178420E-16
fake :   2.00000000E+00 deviation :   2.66453526E-15
fake :   2.00000000E+00 deviation :   4.44089210E-16
fake :   2.00000000E+00 deviation :   8.88178420E-16
fake :   2.00000000E+00 deviation :   1.33226763E-15
fake :   2.00000000E+01 deviation :   4.26325641E-14
fake :   2.20000000E+01 deviation :   3.55271368E-15
Grid : SUB_CU [10 21 14] [ 98 104 104] [144 150 150]
Grid : SUB_CL [  0 -31 -32] [128  64  64] [192  96  96]
Grid : SUB_H2O_0 [81 84 82] [66 70 70] [ 96 100 100]
Grid : SUB_H2O_1 [22 81 41] [70 70 64] [100 100  96]
Grid : SUB_H2O_2 [23  1 39] [64 64 72] [ 96  96 108]
Grid : SUB_H2O_3 [  0  11 -17] [70 60 72] [100  90 108]
Grid : SUB_H2O_4 [-39   1  81] [70 64 70] [100  96 100]
Grid : SUB_H2O_5 [58 -7 68] [70 66 66] [100  96  96]
Grid : SUB_H2O_6 [ 81  35 -32] [66 64 70] [ 96  96 100]
Grid : SUB_H2O_7 [ 50 -39  11] [66 70 64] [ 96 100  96]
Grid : SUB_H2O_8 [75 45 32] [70 66 70] [100  96 100]
Grid : SUB_H2O_9 [ 20 -27  75] [70 64 70] [100  96 100]
Grid : SUB_H2O_10 [18  7  1] [72 64 66] [108  96  96]
Grid : SUB_H2O_11 [ 2 56 56] [70 70 66] [100 100  96]
Grid : SUB_H2O_12 [ -9 -25  39] [70 66 66] [100  96  96]
Grid : SUB_H2O_13 [-11  76  -3] [66 70 66] [ 96 100  96]
Grid : SUB_H2O_14 [ -6 -10  56] [64 64 78] [ 96  96 120]
Grid : SUB_H2O_15 [75 54  7] [70 70 64] [100 100  96]
Grid : SUB_H2O_16 [-15  54  70] [70 64 70] [100  96 100]
Grid : SUB_H2O_17 [60 70 57] [70 64 66] [100  96  96]
Grid : SUB_H2O_18 [60 41 57] [66 70 70] [ 96 100 100]
Grid : SUB_H2O_19 [-28  19 -33] [66 66 70] [ 96  96 100]
Grid : SUB_H2O_20 [ 60  23 -10] [64 70 70] [ 96 100 100]
Grid : SUB_H2O_21 [-17  21  -2] [70 64 70] [100  96 100]
Grid : SUB_H2O_22 [60 88 66] [70 64 70] [100  96 100]
Grid : SUB_H2O_23 [-23 -33  16] [70 66 64] [100  96  96]
Grid : SUB_H2O_24 [18  9 89] [66 70 66] [ 96 100  96]
Grid : SUB_H2O_25 [14 33 -5] [70 66 66] [100  96  96]
Grid : SUB_H2O_26 [ 27 -20  -1] [64 70 70] [ 96 100 100]
Grid : SUB_H2O_27 [55 20 17] [70 66 66] [100  96  96]
Grid : SUB_H2O_28 [ 19  -6 -22] [66 66 70] [ 96  96 100]
Grid : SUB_H2O_29 [ 80 -29  55] [66 66 70] [ 96  96 100]
Grid : SUB_H2O_30 [43  8 22] [64 64 72] [ 96  96 108]
Grid : SUB_H2O_31 [ 12  35 -26] [72 66 64] [108  96  96]
Grid : SUB_H2O_32 [91 29 -9] [64 64 72] [ 96  96 108]
Grid : SUB_H2O_33 [-24  49  48] [60 72 70] [ 90 108 100]
Grid : SUB_H2O_34 [-4 17 42] [64 72 64] [ 96 108  96]
Grid : SUB_H2O_35 [-26  25  53] [70 64 70] [100  96 100]
Grid : SUB_H2O_36 [54 54 90] [70 66 64] [100  96  96]
Grid : SUB_H2O_37 [88 70 63] [64 72 66] [ 96 108  96]
Grid : SUB_H2O_38 [ 9  0 62] [64 72 70] [ 96 108 100]
Grid : SUB_H2O_39 [-9 17 95] [78 64 64] [120  96  96]
Grid : SUB_H2O_40 [10 11 20] [70 64 70] [100  96 100]
Grid : SUB_H2O_41 [47  2  1] [66 72 64] [ 96 108  96]
Grid : SUB_H2O_42 [ 80 -28   7] [70 66 66] [100  96  96]
Grid : SUB_H2O_43 [44 -4 47] [72 64 64] [108  96  96]
Grid : SUB_H2O_44 [26 82 -3] [70 66 70] [100  96 100]
Grid : SUB_H2O_45 [ 35 -16  23] [64 72 64] [ 96 108  96]
Grid : SUB_H2O_46 [53 63 24] [70 64 70] [100  96 100]
Grid : SUB_H2O_47 [30 38 72] [64 72 64] [ 96 108  96]
Grid : SUB_H2O_48 [38 63  7] [66 70 66] [ 96 100  96]
Grid : SUB_H2O_49 [-7 -2 36] [72 64 66] [108  96  96]
Grid : SUB_H2O_50 [ 10 -35  -6] [66 70 66] [ 96 100  96]
Grid : SUB_H2O_51 [16 89 14] [66 64 72] [ 96  96 108]
Grid : SUB_H2O_52 [ 6 64 -7] [66 64 72] [ 96  96 108]
Grid : SUB_H2O_53 [ -4  30 -11] [66 72 64] [ 96 108  96]
Grid : SUB_H2O_54 [71 33 74] [70 66 66] [100  96  96]
Grid : SUB_H2O_55 [ 25  76 -23] [64 72 64] [ 96 108  96]
Grid : SUB_H2O_56 [ 58 -16  12] [64 64 72] [ 96  96 108]
Grid : SUB_H2O_57 [-19  -4 -19] [64 70 66] [ 96 100  96]
Grid : SUB_H2O_58 [10 78 60] [70 66 66] [100  96  96]
Grid : SUB_H2O_59 [ 63 -22 -21] [70 70 66] [100 100  96]
Grid : SUB_H2O_60 [ 65  47 -20] [66 66 70] [ 96  96 100]
Grid : SUB_H2O_61 [58 13 79] [66 72 64] [ 96 108  96]
Grid : SUB_H2O_62 [-13  -6  82] [64 70 70] [ 96 100 100]
Grid : SUB_H2O_63 [-21  55 -11] [72 66 64] [108  96  96]
Grid : SUB_H2O_64 [-22  41   2] [64 66 72] [ 96  96 108]
Grid : SUB_H2O_65 [ 28  17 -19] [70 66 66] [100  96  96]
Grid : SUB_H2O_66 [-4 78 43] [64 70 66] [ 96 100  96]
Grid : SUB_H2O_67 [  6 -10  87] [72 66 64] [108  96  96]
Grid : SUB_H2O_68 [ 58  79 -32] [72 64 64] [108  96  96]
Grid : SUB_H2O_69 [-18 -20  -3] [72 66 64] [108  96  96]
Grid : SUB_H2O_70 [ 56  92 -14] [66 60 72] [ 96  90 108]
Grid : SUB_H2O_71 [ 45 -15  -7] [72 64 66] [108  96  96]
Grid : SUB_H2O_72 [64 23 35] [66 64 72] [ 96  96 108]
Grid : SUB_H2O_73 [-41  84  42] [72 64 64] [108  96  96]
Grid : SUB_H2O_74 [41 44 -5] [70 70 64] [100 100  96]
Grid : SUB_H2O_75 [  8 -20  24] [70 70 64] [100 100  96]
Grid : SUB_H2O_76 [-29  53  21] [64 70 70] [ 96 100 100]
Grid : SUB_H2O_77 [32 15 72] [70 66 70] [100  96 100]
Grid : SUB_H2O_78 [41 56 71] [70 70 64] [100 100  96]
Grid : SUB_H2O_79 [69 80 16] [64 70 70] [ 96 100 100]
Grid : SUB_H2O_80 [33 -7 74] [70 66 70] [100  96 100]
Grid : SUB_H2O_81 [51 15 57] [64 70 66] [ 96 100  96]
Grid : SUB_H2O_82 [ -5 -22 -27] [72 64 64] [108  96  96]
Grid : SUB_H2O_83 [ 46 -29  65] [66 70 66] [ 96 100  96]
Grid : SUB_H2O_84 [ 40  -7 -28] [70 66 66] [100  96  96]
Grid : SUB_H2O_85 [-30 -33 -11] [64 72 66] [ 96 108  96]
Grid : SUB_H2O_86 [40 66 43] [70 70 66] [100 100  96]
Grid : SUB_H2O_87 [ 0 67 18] [70 70 64] [100 100  96]
Grid : SUB_H2O_88 [73 67 34] [70 64 70] [100  96 100]
Grid : SUB_H2O_89 [-27  75 -23] [66 64 72] [ 96  96 108]
Grid : SUB_H2O_90 [ 0 28 62] [70 64 70] [100  96 100]
Grid : SUB_H2O_91 [ 88 -15 -29] [64 70 70] [ 96 100 100]
Grid : SUB_H2O_92 [-16  78  66] [66 72 64] [ 96 108  96]
Grid : SUB_H2O_93 [ 21  53 -21] [70 70 70] [100 100 100]
Grid : SUB_H2O_94 [-26 -24  67] [66 64 72] [ 96  96 108]
Grid : SUB_H2O_95 [65 43 12] [64 64 72] [ 96  96 108]
Grid : SUB_H2O_96 [-5 29 15] [66 70 70] [ 96 100 100]
Grid : SUB_H2O_97 [ 30 -21  47] [66 66 70] [ 96  96 100]
Grid : SUB_H2O_98 [36 80 74] [64 66 70] [ 96  96 100]
Grid : SUB_H2O_99 [  7 -28  59] [70 66 66] [100  96  96]
Grid : SUB_H2O_100 [ 61 -24  85] [70 64 66] [100  96  96]
Grid : SUB_H2O_101 [ 8 44 73] [64 64 72] [ 96  96 108]
Grid : SUB_H2O_102 [-15  72  24] [66 66 70] [ 96  96 100]
Grid : SUB_H2O_103 [ 69  69 -12] [72 66 64] [108  96  96]
Grid : SUB_H2O_104 [-9 -4 10] [64 72 64] [ 96 108  96]
Grid : SUB_H2O_105 [82 14 59] [64 66 72] [ 96  96 108]
Grid : SUB_H2O_106 [ 53  10 -27] [64 70 70] [ 96 100 100]

Begin optimize
Optimization options :
{'delay': 2,
 'econv': 0.0034200000000000003,
 'maxiter': 600,
 'maxtime': 0,
 'method': 'Normal',
 'ncheck': 2,
 'olevel': 3,
 'pconv': 3.4200000000000005e-05,
 'pconv_sub': array([1.9e-06, 2.0e-07, 3.0e-07, 3.0e-07, 3.0e-07, 3.0e-07, 3.0e-07,
       3.0e-07, 3.0e-07, 3.0e-07, 3.0e-07, 3.0e-07, 3.0e-07, 3.0e-07,
       3.0e-07, 3.0e-07, 3.0e-07, 3.0e-07, 3.0e-07, 3.0e-07, 3.0e-07,
       3.0e-07, 3.0e-07, 3.0e-07, 3.0e-07, 3.0e-07, 3.0e-07, 3.0e-07,
       3.0e-07, 3.0e-07, 3.0e-07, 3.0e-07, 3.0e-07, 3.0e-07, 3.0e-07,
       3.0e-07, 3.0e-07, 3.0e-07, 3.0e-07, 3.0e-07, 3.0e-07, 3.0e-07,
       3.0e-07, 3.0e-07, 3.0e-07, 3.0e-07, 3.0e-07, 3.0e-07, 3.0e-07,
       3.0e-07, 3.0e-07, 3.0e-07, 3.0e-07, 3.0e-07, 3.0e-07, 3.0e-07,
       3.0e-07, 3.0e-07, 3.0e-07, 3.0e-07, 3.0e-07, 3.0e-07, 3.0e-07,
       3.0e-07, 3.0e-07, 3.0e-07, 3.0e-07, 3.0e-07, 3.0e-07, 3.0e-07,
       3.0e-07, 3.0e-07, 3.0e-07, 3.0e-07, 3.0e-07, 3.0e-07, 3.0e-07,
       3.0e-07, 3.0e-07, 3.0e-07, 3.0e-07, 3.0e-07, 3.0e-07, 3.0e-07,
       3.0e-07, 3.0e-07, 3.0e-07, 3.0e-07, 3.0e-07, 3.0e-07, 3.0e-07,
       3.0e-07, 3.0e-07, 3.0e-07, 3.0e-07, 3.0e-07, 3.0e-07, 3.0e-07,
       3.0e-07, 3.0e-07, 3.0e-07, 3.0e-07, 3.0e-07, 3.0e-07, 3.0e-07,
       3.0e-07, 3.0e-07, 3.0e-07, 3.0e-07]),
 'sdft': 'sdft',
 'voltage': None}
Update density : 937.0000000000009
          Step    Energy(a.u.)            dE              dP        dC        Time(s)         
Norm of reidual density : 
[0.01368518 0.01071765 0.00508955 0.00528692 0.00526718 0.00520183 0.00515028
 0.00525544 0.00530806 0.00510183 0.00516648 0.00522372 0.00547584 0.0054067
 0.00529057 0.00505583 0.00498319 0.00527898 0.00516201 0.00558539 0.00496872
 0.00530017 0.0052747  0.00515744 0.00536389 0.00545511 0.00531723 0.00541679
 0.00498683 0.00515682 0.00506327 0.00528059 0.00524164 0.00532428 0.00542687
 0.00509426 0.00510376 0.00513475 0.00554381 0.00497875 0.00486808 0.00514394
 0.00527871 0.00530458 0.00537045 0.00552622 0.00512509 0.00512875 0.00521543
 0.00532691 0.00528838 0.00526986 0.00513896 0.00522579 0.00526176 0.00524258
 0.00513459 0.00547196 0.00546724 0.00501759 0.00532285 0.00508708 0.00515111
 0.00528197 0.00487535 0.00528725 0.0052184  0.00525216 0.0054412  0.00548922
 0.00577337 0.00536261 0.00546277 0.0053383  0.00496053 0.00540784 0.00524634
 0.00499577 0.00521759 0.0050547  0.00518233 0.00546715 0.00515689 0.00558439
 0.00547966 0.0055673  0.0051959  0.00538905 0.0050102  0.00530426 0.00524512
 0.00534874 0.00528147 0.00527365 0.00536065 0.00487783 0.00535008 0.00528545
 0.00480325 0.0053083  0.00550303 0.00508861 0.00560387 0.0052245  0.00527115
 0.0052305  0.0054293  0.00536492 0.00501823]
Energy of reidual density : 
[ 9.56064652 12.99652617  0.11551479  0.12107416  0.10760502  0.11455207
  0.11812096  0.11843754  0.11329211  0.10844575  0.11817185  0.11930687
  0.12302025  0.13316702  0.11569559  0.10676228  0.10897714  0.11988289
  0.11220332  0.12496847  0.10786017  0.11500572  0.11929122  0.11217362
  0.12545997  0.1181081   0.11852036  0.12679595  0.10521316  0.10971559
  0.10791457  0.11367883  0.11410427  0.11604515  0.11636934  0.1066151
  0.1044564   0.11416202  0.12221114  0.10282446  0.10898633  0.11335108
  0.12921098  0.11962626  0.12026003  0.12130434  0.12296833  0.10673759
  0.12485051  0.12040668  0.12479593  0.11337383  0.11056529  0.11317102
  0.11135368  0.11564059  0.10924178  0.12243434  0.11670197  0.09876815
  0.12451471  0.11455747  0.11513822  0.11726287  0.10755874  0.11874934
  0.11280036  0.11772257  0.12419228  0.12572271  0.13522698  0.11933033
  0.11644102  0.12210144  0.10252485  0.11442569  0.11788363  0.10977038
  0.11699643  0.11384593  0.11408134  0.12430757  0.12096248  0.12764794
  0.12158298  0.12794031  0.11698863  0.12784345  0.11084068  0.12320671
  0.11546663  0.1214198   0.11956108  0.12320239  0.12062189  0.10943661
  0.12184534  0.11871163  0.09828951  0.11784238  0.12874064  0.10971778
  0.12699002  0.10899123  0.11751787  0.11854133  0.1197641   0.11887079
  0.11389578]
----------------------------------------------------------------------------------------------------
   Embed: 1       -3.888979178910E+01     -3.888979E+01   1.30E+01  1.37E-02  1.235914E+01    
----------------------------------------------------------------------------------------------------
Norm of reidual density : 
[0.04421981 0.01222537 0.02678322 0.00885138 0.00814053 0.01571276 0.02684568
 0.016028   0.0086961  0.00860985 0.00862424 0.01519299 0.01521146 0.01507922
 0.00843322 0.02699914 0.02656828 0.01554627 0.01493108 0.01587019 0.00809499
 0.00885905 0.00895212 0.00799284 0.02179675 0.00978599 0.01508908 0.00936532
 0.00786679 0.00822109 0.01550789 0.02158057 0.00862032 0.00844811 0.00874668
 0.00868585 0.00835274 0.00901774 0.00886639 0.02692839 0.02151483 0.01475745
 0.0093181  0.00905539 0.02168107 0.00918735 0.01216281 0.00837169 0.00908548
 0.00920667 0.00899278 0.00870914 0.02157971 0.01274002 0.01653891 0.00879015
 0.00817506 0.01441395 0.00899564 0.02682492 0.02154622 0.02130201 0.00885136
 0.00899636 0.02649129 0.01555035 0.00824297 0.00871058 0.00993419 0.02756847
 0.02263452 0.02740439 0.01593632 0.00893663 0.00831475 0.00881874 0.00874448
 0.00860175 0.00847138 0.00830279 0.00810589 0.00869467 0.00964131 0.00967451
 0.02706663 0.00942838 0.00916159 0.02558323 0.0079546  0.01028646 0.00809854
 0.02762511 0.00884009 0.02561005 0.02745562 0.00785057 0.02715096 0.01006736
 0.00732682 0.00873686 0.01511664 0.01551615 0.02253907 0.00806021 0.00839737
 0.0276667  0.0162647  0.0156893  0.00886249]
Energy of reidual density : 
[112.79509878  15.77359395  29.25316562   0.99349537   0.75861483   5.78485982
  29.76806354   6.11423432   0.89613908   0.89850474   0.96805618   5.2646671
   5.07103287   5.45156866   0.85026596  30.34870936  31.98278357   5.77027376
   4.97090239   5.68782703   0.85528501   0.9827835    1.03707801   0.77378531
  15.9680145    1.22919809   5.00685718   1.09680804   0.76023125   0.81644701
   5.41265312  15.04212946   0.87677215   0.84541175   0.89771469   0.93528522
   0.82788938   1.06379477   0.91819622  30.34430218  16.17219108   5.03802967
   1.13062577   1.01882332  14.66915549   1.00163337   2.8238934    0.82141124
   1.06706995   1.03222694   0.99766213   0.92554907  15.12523757   3.16284247
   7.00553719   0.94704401   0.79633493   3.80036126   0.96256749  27.88480065
  15.13959166  15.4332269    0.97405171   1.00892716  28.90743382   5.35118621
   0.80490541   0.92201182   1.27328138  31.33785761  15.63885358  29.21976828
   5.25049579   0.98043849   0.8582517    0.91932307   0.97003512   0.95928795
   0.8916204    0.89207602   0.81027681   0.94263002   1.32784482   1.14404332
  25.6152328    1.12793521   1.07229899  21.4507411    0.81644675   1.62975307
   0.79117366  29.09718608   0.99875097  23.14108061  30.10959472   0.84026641
  27.1678041    1.3392106    0.67253438   0.92989928   4.28386864   5.73476547
  15.23049677   0.73956045   0.84241823  32.32301756   5.95879393   5.70298476
   1.02809729]
----------------------------------------------------------------------------------------------------
   Embed: 2       5.986721453932E+02      6.375619E+02    1.13E+02  4.42E-02  1.766228E+01    
----------------------------------------------------------------------------------------------------
Norm of reidual density : 
[0.0094355  0.01287075 0.01160231 0.00395361 0.00368191 0.00471881 0.00634799
 0.0055694  0.00426533 0.003608   0.00374113 0.00520425 0.00470941 0.0047011
 0.00397159 0.00992211 0.00659525 0.00501605 0.00512034 0.00527576 0.00381759
 0.00397199 0.00401602 0.00378875 0.0057841  0.00416565 0.00463955 0.00414191
 0.0035271  0.00383555 0.00474665 0.0055046  0.00385272 0.00384237 0.0042805
 0.00421371 0.00412817 0.00412054 0.00432468 0.00665902 0.00580444 0.0047138
 0.00399467 0.00391465 0.00548421 0.00432922 0.00416804 0.00372516 0.00391631
 0.00413257 0.00397996 0.00409113 0.00671395 0.0045047  0.00541302 0.00383681
 0.00398319 0.00526948 0.00423706 0.01467577 0.00571174 0.00548239 0.00401201
 0.00401628 0.00750385 0.00464093 0.00368945 0.00394604 0.00402681 0.00660719
 0.00697393 0.00710741 0.0057553  0.00411367 0.00409627 0.00407057 0.00390047
 0.00401049 0.00373049 0.00373075 0.0037114  0.00377412 0.00428162 0.00430708
 0.01423259 0.00422446 0.00418762 0.01236623 0.00355897 0.00392101 0.00367241
 0.01306622 0.00403249 0.01295947 0.00664204 0.00363781 0.01320295 0.0042689
 0.00365746 0.00388395 0.00536177 0.00464053 0.00741604 0.0039088  0.00369375
 0.00629165 0.00536682 0.00514808 0.00398107]
Energy of reidual density : 
[ 5.42758777 29.98784763  2.76081533  0.17293275  0.1390415   0.22291101
  0.46694557  0.34491596  0.19957023  0.13358871  0.1578371   0.31322778
  0.22073584  0.2320791   0.1766707   1.63486815  0.54340763  0.26919366
  0.30342802  0.2819019   0.1709644   0.17000944  0.18210962  0.16340324
  0.369434    0.17719369  0.21733392  0.18727195  0.13612054  0.160189
  0.23733316  0.32932196  0.15423261  0.15907094  0.19911695  0.20530522
  0.19340308  0.19455966  0.20380537  0.53020839  0.40297716  0.2459647
  0.17557752  0.16194498  0.31215584  0.20507127  0.18602537  0.14552916
  0.16747763  0.18075219  0.17028766  0.18868849  0.558044    0.21070056
  0.31705157  0.15837826  0.17851966  0.30485098  0.19528157  4.62511164
  0.34458591  0.36421207  0.17882582  0.1754031   0.82156842  0.21477456
  0.14523521  0.1682701   0.16358344  0.48902155  0.57270366  0.6261572
  0.36070188  0.18821283  0.19831378  0.17741176  0.1693601   0.18692944
  0.15467843  0.15853914  0.14967433  0.15268117  0.2190079   0.19329843
  4.27020693  0.19487096  0.19878495  3.08821202  0.14248543  0.1589491
  0.14483344  3.35965093  0.18293374  3.61385491  0.50658618  0.1652265
  3.58175822  0.19050978  0.16161656  0.16504295  0.30814099  0.2246906
  0.70461732  0.16310258  0.14398004  0.42532382  0.29795705  0.27820364
  0.18346065]
----------------------------------------------------------------------------------------------------
   Embed: 3       3.634860360866E+02      -2.351861E+02   3.00E+01  1.47E-02  2.294961E+01    
----------------------------------------------------------------------------------------------------
Norm of reidual density : 
[0.00581176 0.00407682 0.00421116 0.00311273 0.00098735 0.00330516 0.00396929
 0.00380406 0.00234596 0.00293268 0.00330889 0.0034364  0.00337184 0.00317345
 0.0032148  0.0034704  0.00339401 0.00365108 0.00336575 0.00358957 0.00284446
 0.00299048 0.00337369 0.00218944 0.00363809 0.00365151 0.00316191 0.00327791
 0.0012198  0.00294495 0.00338288 0.00328045 0.0028958  0.00197351 0.00235489
 0.00117112 0.00277371 0.00311256 0.00242793 0.00350275 0.00342502 0.0030894
 0.00360605 0.00361609 0.00359979 0.0023314  0.00336244 0.00145003 0.00392648
 0.00382019 0.00306202 0.00327461 0.0036276  0.00322633 0.00299102 0.00364455
 0.00218454 0.00366397 0.00310177 0.00380674 0.00356847 0.00327997 0.00297978
 0.00358111 0.00383148 0.00342269 0.00098601 0.00034588 0.00378086 0.00377031
 0.00412711 0.0035934  0.00351172 0.00283064 0.00297482 0.00308849 0.00302504
 0.00295359 0.00124398 0.00111029 0.00228479 0.0033422  0.00404638 0.00402351
 0.00467604 0.00358902 0.00308937 0.00456008 0.00293243 0.00344625 0.00247552
 0.00471485 0.0036448  0.00454017 0.0039452  0.00245031 0.00480651 0.00390213
 0.00171631 0.00188507 0.0039629  0.00286506 0.00416912 0.00253491 0.00284048
 0.00381288 0.00390909 0.00355077 0.00318336]
Energy of reidual density : 
[2.75785660e+00 1.06102606e+00 1.87444823e-01 1.08324742e-01 1.11642505e-02
 1.15123597e-01 1.80565809e-01 1.60452354e-01 5.81096932e-02 9.09605115e-02
 1.25561152e-01 1.26772098e-01 1.13808802e-01 1.06068977e-01 1.08977441e-01
 1.18657725e-01 1.27558943e-01 1.48961727e-01 1.19497875e-01 1.29303759e-01
 9.47778131e-02 9.66552811e-02 1.27011669e-01 5.35481849e-02 1.43692264e-01
 1.39162201e-01 1.00991175e-01 1.17172739e-01 1.78380486e-02 9.29423468e-02
 1.22753366e-01 1.07697021e-01 8.72832886e-02 4.10107282e-02 5.89748705e-02
 1.65453945e-02 8.13970289e-02 1.15674491e-01 6.12887672e-02 1.28671246e-01
 1.33969019e-01 1.01442298e-01 1.42172441e-01 1.40978633e-01 1.36976063e-01
 5.64931793e-02 1.21731961e-01 1.99173643e-02 1.67063191e-01 1.53546260e-01
 1.00618733e-01 1.15592034e-01 1.39838830e-01 1.05712799e-01 9.06606402e-02
 1.41639198e-01 5.06256141e-02 1.32503657e-01 1.00815806e-01 1.37687165e-01
 1.33016543e-01 1.15462780e-01 9.91870323e-02 1.40060811e-01 1.67356801e-01
 1.21497556e-01 1.16340398e-02 1.64549403e-03 1.46239815e-01 1.46982436e-01
 1.73054469e-01 1.32887643e-01 1.18002468e-01 8.54888176e-02 9.90539164e-02
 9.99426749e-02 1.03048913e-01 1.00141016e-01 1.54961149e-02 1.59704413e-02
 5.75994176e-02 1.18854109e-01 1.93899394e-01 1.70484104e-01 2.07417452e-01
 1.36827987e-01 1.06687653e-01 2.07670505e-01 9.70828867e-02 1.23703115e-01
 6.67577710e-02 2.33797482e-01 1.47339791e-01 2.09686456e-01 1.67067548e-01
 7.15123487e-02 2.34496099e-01 1.60872021e-01 3.36295926e-02 3.91764765e-02
 1.62074884e-01 8.12190409e-02 1.76247744e-01 6.47437290e-02 8.39157962e-02
 1.60001437e-01 1.66136862e-01 1.34553545e-01 1.16094965e-01]
----------------------------------------------------------------------------------------------------
   Embed: 4       3.329936515639E+02      -3.049238E+01   2.76E+00  5.81E-03  2.802903E+01    
----------------------------------------------------------------------------------------------------
Norm of reidual density : 
[0.00494721 0.00329339 0.00319887 0.00184884 0.00149627 0.00256919 0.00325717
 0.00315757 0.0016546  0.00115837 0.00098362 0.00296782 0.00155287 0.00177088
 0.00183368 0.00292526 0.00298797 0.00181102 0.00293485 0.00264145 0.00202575
 0.0002636  0.00069819 0.00128705 0.00293929 0.00269842 0.00188781 0.00131541
 0.00133422 0.0021474  0.00261012 0.00275577 0.00217441 0.00207557 0.00186241
 0.00206603 0.00143332 0.00168528 0.00197825 0.00301764 0.00237216 0.00278052
 0.00152716 0.00145168 0.00295004 0.00204658 0.00216679 0.00081606 0.00385644
 0.00170056 0.00192639 0.00115634 0.00334859 0.00257412 0.00281147 0.00200176
 0.00202504 0.00339136 0.00169581 0.00280486 0.00260193 0.00254831 0.00143062
 0.00173492 0.00322625 0.00259577 0.00138937 0.00124143 0.00263967 0.0030617
 0.00366963 0.00310735 0.00339019 0.00213071 0.00230851 0.00202781 0.00177075
 0.00132028 0.00070549 0.00132783 0.00144002 0.00082191 0.00363897 0.00095515
 0.00353137 0.00221034 0.00129162 0.00369523 0.0005972  0.00246787 0.00191534
 0.0038204  0.000553   0.00350442 0.00333222 0.00170537 0.00383924 0.0014907
 0.00080328 0.00184866 0.0038408  0.00239138 0.00366621 0.00168212 0.00171298
 0.00308926 0.00300959 0.00240526 0.0020627 ]
Energy of reidual density : 
[1.95076982e+00 7.81508448e-01 1.13216344e-01 3.50064559e-02 2.35779138e-02
 6.72420112e-02 1.20163337e-01 1.09942268e-01 2.90496387e-02 1.28611776e-02
 1.12595191e-02 9.72567250e-02 2.73793016e-02 3.44463182e-02 3.44777715e-02
 8.69964652e-02 9.78287037e-02 3.82541180e-02 9.27523784e-02 7.14294996e-02
 4.76022287e-02 1.27261897e-03 4.86669291e-03 2.02280666e-02 9.46870529e-02
 7.88777867e-02 3.77691702e-02 2.12167164e-02 1.95011004e-02 5.03052972e-02
 7.32606523e-02 7.66611348e-02 4.52008441e-02 4.50571225e-02 3.77245940e-02
 4.92047556e-02 2.61944751e-02 2.88770497e-02 4.10363671e-02 9.68205885e-02
 6.60999711e-02 8.23662459e-02 2.94259591e-02 1.85760686e-02 9.04617631e-02
 4.27535955e-02 5.63500860e-02 7.70560123e-03 1.60592243e-01 2.55736354e-02
 3.76201947e-02 1.41354415e-02 1.19924830e-01 6.83815237e-02 7.89433480e-02
 4.50598700e-02 4.68362992e-02 1.15748709e-01 2.79899247e-02 7.77797496e-02
 7.22105120e-02 6.92429617e-02 2.12954417e-02 2.74038419e-02 1.20767874e-01
 6.81893916e-02 2.08841332e-02 1.65035892e-02 7.59259085e-02 9.70623932e-02
 1.39389735e-01 1.00193987e-01 1.10247051e-01 4.67233329e-02 6.42175129e-02
 4.05057714e-02 3.15090483e-02 1.98788517e-02 6.36340090e-03 1.93740751e-02
 2.53929038e-02 5.49852989e-03 1.60137762e-01 7.38261162e-03 1.25293001e-01
 5.63684894e-02 1.63617947e-02 1.45250511e-01 8.14579008e-03 6.62209346e-02
 4.04193595e-02 1.65933339e-01 3.28145337e-03 1.33326142e-01 1.20919239e-01
 3.37944373e-02 1.60865494e-01 2.75042504e-02 1.25535452e-02 3.55386663e-02
 1.55201756e-01 5.65102989e-02 1.38852515e-01 3.23866090e-02 2.87637291e-02
 1.01640443e-01 9.69674674e-02 6.11548001e-02 4.26419113e-02]
----------------------------------------------------------------------------------------------------
   Embed: 5       2.725616977763E+02      -6.043195E+01   1.95E+00  4.95E-03  3.298268E+01    
----------------------------------------------------------------------------------------------------
Norm of reidual density : 
[0.00404435 0.00597735 0.01139593 0.00125571 0.00085509 0.00051587 0.01071598
 0.01063341 0.00115373 0.00104496 0.00100632 0.00151527 0.00076239 0.0007175
 0.0009225  0.01088559 0.01051714 0.00070568 0.00109869 0.00061039 0.00087012
 0.00056283 0.00059223 0.00093006 0.01056094 0.0004402  0.00053739 0.00114067
 0.00069727 0.00117415 0.00060715 0.0109219  0.00125907 0.00044014 0.00106397
 0.00072193 0.00116215 0.00069099 0.00106791 0.01127012 0.01049092 0.00053706
 0.00139065 0.00054002 0.01028827 0.00065236 0.00044618 0.00077576 0.00100915
 0.00092279 0.00116541 0.00101298 0.01121536 0.00034789 0.00171078 0.00106706
 0.00117591 0.00230644 0.00092375 0.01115435 0.00049539 0.01035388 0.00097187
 0.00076716 0.01136258 0.00072689 0.00066748 0.00094534 0.00101905 0.0106252
 0.01111597 0.01086928 0.00324737 0.00075983 0.00115146 0.00087951 0.00104701
 0.00095973 0.00054765 0.00096773 0.00118692 0.00060806 0.0004519  0.00089968
 0.01204079 0.00099542 0.00079202 0.01202295 0.00132753 0.00067244 0.0006279
 0.01180259 0.00103595 0.01183166 0.01116382 0.00080294 0.01225385 0.00047211
 0.00108867 0.00045302 0.00211842 0.00059491 0.01151514 0.00103785 0.00104481
 0.01063126 0.00061939 0.0006903  0.00088765]
Energy of reidual density : 
[1.32178268e+00 2.90565047e+00 3.70204319e+00 1.82420526e-02 8.76799496e-03
 8.18597974e-03 3.44184249e+00 3.64642210e+00 1.61540773e-02 1.09448597e-02
 1.18622103e-02 3.37336183e-02 8.13810082e-03 7.68841569e-03 1.20455711e-02
 3.42437955e+00 3.65199260e+00 1.02993733e-02 1.94463711e-02 6.13862132e-03
 1.16547286e-02 3.11378434e-03 4.40161903e-03 1.13803956e-02 3.57703783e+00
 2.25608718e-03 4.79002597e-03 1.35981138e-02 6.26316376e-03 1.85977873e-02
 7.88094840e-03 3.58513599e+00 1.78190939e-02 3.30752695e-03 1.51160814e-02
 7.65802850e-03 1.88399609e-02 6.02258743e-03 1.44486312e-02 3.80681494e+00
 3.78544774e+00 7.20849227e-03 1.93666006e-02 3.10282332e-03 3.20907825e+00
 5.97997331e-03 3.75005621e-03 6.75906601e-03 1.39764383e-02 9.09564869e-03
 1.54867646e-02 1.25214926e-02 3.39114674e+00 3.11281605e-03 3.20151368e-02
 1.28051799e-02 1.88316375e-02 6.13866928e-02 1.02616153e-02 3.39245759e+00
 5.20622724e-03 3.40561057e+00 1.11584245e-02 6.95239141e-03 3.63304697e+00
 1.06721292e-02 5.54740808e-03 1.00146214e-02 8.80156010e-03 3.49430102e+00
 3.57951189e+00 3.08145506e+00 1.02403804e-01 8.55870065e-03 1.93920341e-02
 9.69616544e-03 1.27107571e-02 1.23427171e-02 3.74809665e-03 1.09772892e-02
 1.71778933e-02 4.10297321e-03 3.58003991e-03 7.83869941e-03 3.59992486e+00
 9.50109485e-03 7.65172183e-03 3.65899958e+00 2.23719395e-02 6.68787521e-03
 6.27890342e-03 3.70496921e+00 1.18389404e-02 3.67631140e+00 3.65609025e+00
 9.54870249e-03 3.86880657e+00 1.99561445e-03 1.88816389e-02 2.96751845e-03
 6.31688307e-02 6.01294675e-03 3.46022653e+00 1.46082613e-02 1.28707553e-02
 3.59964336e+00 1.05543785e-02 8.50824343e-03 9.97030063e-03]
----------------------------------------------------------------------------------------------------
   Embed: 6       2.541930654412E+02      -1.836863E+01   3.87E+00  1.23E-02  3.810302E+01    
----------------------------------------------------------------------------------------------------
Norm of reidual density : 
[0.0036644  0.00502321 0.01123509 0.0010498  0.0006219  0.00043927 0.01050911
 0.00069019 0.00116164 0.00018029 0.00045414 0.00040073 0.00055026 0.00061287
 0.00079417 0.01080287 0.010263   0.00052613 0.0004642  0.00057409 0.00071796
 0.00043114 0.00029897 0.000348   0.0104617  0.00056617 0.00039181 0.00072965
 0.00064072 0.00102043 0.00037576 0.0107163  0.00096096 0.00065433 0.00092036
 0.00072151 0.00088954 0.00064458 0.00099669 0.01095386 0.01032848 0.00036569
 0.0007778  0.00015049 0.00070134 0.00034636 0.00036128 0.00076024 0.00040627
 0.00035983 0.00060665 0.00083044 0.01091418 0.00030986 0.0004082  0.00044502
 0.00128356 0.00055052 0.00093344 0.01095902 0.00043313 0.01022879 0.00085055
 0.00067721 0.01117555 0.00044074 0.00069543 0.00093806 0.00043362 0.01047491
 0.01093916 0.00853572 0.00183833 0.00043811 0.00112166 0.00069442 0.00098099
 0.00097074 0.00031221 0.0006443  0.00021297 0.00026106 0.00055667 0.00036975
 0.01175299 0.00072407 0.00040407 0.00842616 0.00084279 0.00045693 0.00063892
 0.01146837 0.00057744 0.01150629 0.01090354 0.00100511 0.01202231 0.00042078
 0.00088299 0.00058788 0.00095846 0.00041311 0.01123526 0.00075551 0.00101848
 0.01051734 0.00043523 0.00041237 0.00079569]
Energy of reidual density : 
[1.06865709e+00 2.21823557e+00 3.52405483e+00 1.27901433e-02 4.33579176e-03
 5.47707847e-03 3.29131725e+00 1.17793680e-02 1.65689586e-02 4.15893838e-04
 2.48034957e-03 5.40687742e-03 4.44596032e-03 5.69628882e-03 9.21208659e-03
 3.30735066e+00 3.48478767e+00 6.13041412e-03 6.32848959e-03 5.65659749e-03
 7.84607423e-03 1.92612176e-03 1.30386119e-03 2.29514530e-03 3.53516206e+00
 3.31397373e-03 2.82863727e-03 5.88270019e-03 5.09247302e-03 1.42165175e-02
 4.53518979e-03 3.43522866e+00 1.04549841e-02 6.12580110e-03 1.15776950e-02
 7.49808300e-03 1.16823836e-02 5.09375995e-03 1.28172015e-02 3.57907648e+00
 3.66326375e+00 4.64559189e-03 6.61207397e-03 2.31134108e-04 1.05003924e-02
 1.91719553e-03 2.36719771e-03 6.50466681e-03 2.83643863e-03 1.48715894e-03
 4.59147876e-03 8.78978839e-03 3.21217976e+00 2.35735429e-03 3.57134942e-03
 2.59182257e-03 2.23828330e-02 9.39386289e-03 1.04608254e-02 3.19323751e+00
 4.22761608e-03 3.30247553e+00 8.54690353e-03 5.16116533e-03 3.47438168e+00
 4.89973744e-03 5.91411066e-03 9.90216058e-03 1.91722867e-03 3.38820402e+00
 3.50687808e+00 1.78140544e+00 3.79121656e-02 3.29236062e-03 1.79710575e-02
 6.26739427e-03 1.11475544e-02 1.26398419e-02 1.31244108e-03 4.79577848e-03
 7.61211381e-04 8.75965678e-04 3.59118831e-03 1.44199573e-03 3.31801601e+00
 5.32285381e-03 2.66846087e-03 1.60233889e+00 9.72390928e-03 2.96822743e-03
 6.47693925e-03 3.35659900e+00 3.76570583e-03 3.35913026e+00 3.46515385e+00
 1.44742892e-02 3.62634663e+00 1.60090293e-03 1.30121858e-02 4.54157196e-03
 2.19496082e-02 3.26202927e-03 3.36930736e+00 8.16978384e-03 1.22625201e-02
 3.50795897e+00 6.56306720e-03 4.42343264e-03 7.92260035e-03]
----------------------------------------------------------------------------------------------------
   Embed: 7       2.541980615038E+02      4.996063E-03    3.66E+00  1.20E-02  4.312796E+01    
----------------------------------------------------------------------------------------------------
Norm of reidual density : 
[3.66905258e-03 3.18106471e-03 3.18497928e-03 3.15423912e-04 9.82666776e-05
 2.96050638e-04 1.02855193e-02 5.90959184e-04 2.96259946e-04 5.54706938e-05
 1.08968116e-04 2.79837188e-04 1.22671475e-04 6.75098407e-04 6.26671025e-04
 7.38533276e-03 1.00367007e-02 3.63216308e-04 4.10613814e-04 5.95762527e-04
 6.31947239e-04 3.21423133e-04 1.26376447e-04 1.68023589e-04 5.33983371e-04
 4.71062951e-04 2.00053018e-04 3.45934058e-04 6.70959675e-04 4.83995977e-04
 2.85192237e-04 5.59643577e-04 1.16498988e-04 8.16270172e-05 1.96856391e-04
 6.14685230e-04 5.59685129e-04 6.26874759e-04 9.33915241e-04 3.10636028e-03
 4.30282496e-04 2.80018844e-04 5.81864870e-04 6.99710465e-05 5.32616137e-04
 2.27380164e-04 4.00539868e-04 7.56239291e-04 2.63632978e-04 2.10330108e-04
 1.20773002e-04 3.10675891e-04 1.93985546e-03 2.94977585e-04 2.70063651e-04
 3.17448572e-04 5.81675680e-04 4.29459998e-04 2.07259489e-04 1.30488138e-03
 4.02335278e-04 6.47372126e-04 2.78647512e-04 3.47618293e-04 2.14491837e-03
 4.54766945e-04 6.14818486e-04 9.53155467e-04 3.60255706e-04 5.96747448e-04
 8.73662943e-04 1.68613656e-03 8.23221606e-04 4.20497552e-04 1.03634888e-03
 2.34005568e-04 7.66717760e-04 8.07986659e-04 4.19334509e-05 3.38537284e-05
 2.02788940e-04 4.37097447e-05 4.92733592e-04 1.51235619e-04 2.96191330e-03
 3.44165496e-04 3.98929223e-04 3.13217902e-03 5.99148420e-04 1.71119516e-04
 4.58313067e-04 4.39801702e-03 2.66589868e-04 3.67581210e-03 1.06166495e-02
 6.83863345e-04 3.77916002e-03 1.17081845e-04 1.61952619e-04 2.76929616e-04
 3.72924650e-04 2.48745737e-04 1.61370701e-03 4.89028032e-04 5.05876077e-04
 8.02885031e-04 3.60820644e-04 3.11019727e-04 5.68805418e-04]
Energy of reidual density : 
[1.09708552e+00 1.11660551e+00 1.83230231e-01 1.32012584e-03 1.54294435e-04
 1.92253333e-03 3.04204111e+00 8.14244776e-03 1.57652366e-03 5.15378353e-05
 1.82694650e-04 3.51024518e-03 6.09926486e-04 7.03613515e-03 5.91554104e-03
 1.43441368e+00 3.26381513e+00 3.47407381e-03 5.11818782e-03 5.65922310e-03
 6.04750888e-03 1.12788687e-03 2.17969850e-04 7.31194910e-04 8.21447160e-03
 2.28779433e-03 1.02830851e-03 1.30183830e-03 5.83182616e-03 3.26673636e-03
 2.57501041e-03 7.35721364e-03 1.97648514e-04 1.45617483e-04 8.88223612e-04
 5.76310519e-03 4.71929436e-03 4.83935718e-03 1.13824577e-02 2.41288010e-01
 3.61775909e-03 2.62327474e-03 3.64723406e-03 6.80872554e-05 6.20292086e-03
 8.91695896e-04 2.36689322e-03 6.71919608e-03 2.34253361e-03 5.64155609e-04
 1.74611516e-04 1.48831452e-03 4.11546232e-02 1.89214254e-03 2.22653135e-03
 1.40089407e-03 3.90780495e-03 6.07411668e-03 4.71761871e-04 3.10560975e-02
 3.68431819e-03 8.66557523e-03 9.62901756e-04 1.58457747e-03 7.19546634e-02
 5.16007272e-03 4.57999082e-03 1.04062681e-02 1.38003857e-03 8.05581600e-03
 1.60036044e-02 3.54788051e-02 1.42167635e-02 2.75498526e-03 1.56958164e-02
 9.04732333e-04 7.16108605e-03 8.76605286e-03 1.63131263e-05 2.08873688e-05
 5.67977197e-04 2.28029491e-05 2.89041035e-03 2.71406246e-04 1.14458826e-01
 1.27615454e-03 2.23090527e-03 1.44561268e-01 4.74562332e-03 5.31963202e-04
 3.68135535e-03 3.44417607e-01 9.05645895e-04 2.12675383e-01 3.18453023e+00
 6.16392683e-03 2.06299071e-01 1.83478331e-04 7.14196023e-04 1.05669631e-03
 5.56884596e-03 1.25049095e-03 4.19767715e-02 3.40237105e-03 3.21814817e-03
 1.31330680e-02 4.56638046e-03 2.95241167e-03 4.24030067e-03]
----------------------------------------------------------------------------------------------------
   Embed: 8       2.585374304088E+02      4.339369E+00    3.26E+00  1.06E-02  4.819168E+01    
----------------------------------------------------------------------------------------------------
Norm of reidual density : 
[4.00763577e-03 2.92122232e-03 2.56350510e-03 6.58525300e-05 1.11857811e-04
 1.44198952e-04 5.79737097e-04 4.75399154e-04 2.71066386e-04 9.32599941e-05
 3.61089121e-05 2.41530051e-04 1.04838186e-04 2.58337896e-04 2.15465505e-04
 1.17965431e-03 4.57190083e-04 2.22563753e-04 3.22110545e-04 5.92846790e-04
 2.64752462e-04 2.96054524e-04 1.41374473e-04 1.85381953e-04 5.06143350e-04
 8.78149782e-05 9.85447189e-05 9.89293443e-05 6.01532216e-04 3.05118951e-04
 1.46900038e-04 4.98925019e-04 1.06797715e-04 1.17969153e-04 2.27783733e-04
 2.70509471e-04 1.17893403e-04 6.77944686e-04 7.49486042e-04 7.30471033e-04
 3.96699894e-04 2.37058323e-04 1.93989444e-04 6.74878325e-05 4.82528857e-04
 2.24739765e-04 3.57939531e-04 8.02387124e-04 3.43842651e-04 6.74534632e-05
 1.15704601e-04 7.80977449e-05 5.70365770e-04 2.76173891e-04 2.19297838e-04
 1.44192997e-04 3.81920475e-04 3.92312831e-04 3.28799831e-04 1.14024197e-03
 2.92754348e-04 4.62457600e-04 5.52642231e-05 1.41272482e-04 1.40585608e-03
 4.05101641e-04 1.44544966e-04 7.33908268e-04 3.49586995e-04 6.36534480e-04
 6.02558910e-04 6.04109714e-04 6.98371743e-04 4.10280054e-04 1.11469853e-03
 1.52113557e-04 9.47457241e-04 1.52575166e-04 2.48003088e-05 2.63805597e-05
 8.29273652e-05 1.09261324e-04 2.45613071e-04 4.95895371e-05 2.66453925e-03
 5.25661671e-05 2.70698926e-04 2.87085221e-03 1.63915047e-04 1.23257697e-04
 2.16152903e-04 3.06438480e-03 6.65021597e-05 3.15652817e-03 9.43682970e-03
 3.80835025e-04 3.22181420e-03 9.20325082e-05 2.63571825e-04 1.15651092e-04
 3.41917725e-04 1.81142374e-04 6.90832799e-04 7.09021989e-05 3.03256929e-04
 7.85498226e-04 2.48369479e-04 3.44717437e-04 3.27421048e-04]
Energy of reidual density : 
[1.20729498e+00 8.98831495e-01 1.11431961e-01 1.42385973e-04 2.25677580e-04
 5.57261955e-04 1.12113287e-02 5.85943709e-03 9.59912782e-04 9.64820718e-05
 1.80263002e-05 2.25835953e-03 3.97222906e-04 1.15233323e-03 8.26488463e-04
 2.51251837e-02 5.11620052e-03 1.79647576e-03 3.25421049e-03 5.55014245e-03
 1.22328576e-03 1.01853835e-03 2.68513909e-04 3.87573189e-04 5.91615708e-03
 1.53724065e-04 4.07819059e-04 2.68396611e-04 5.74911988e-03 1.38477958e-03
 8.70684857e-04 5.90761217e-03 3.08695030e-04 1.69228661e-04 8.49035966e-04
 1.28057013e-03 2.13838762e-04 5.61724652e-03 7.80776662e-03 1.16396640e-02
 2.83112326e-03 1.74557842e-03 7.01715413e-04 6.69216699e-05 5.09259899e-03
 7.34812833e-04 1.84267064e-03 1.10040136e-02 3.03128353e-03 1.03424198e-04
 2.96514288e-04 1.05860891e-04 1.07616147e-02 1.65967718e-03 1.45632330e-03
 4.63987296e-04 1.71257823e-03 5.06109561e-03 1.16635723e-03 2.05522904e-02
 2.16069353e-03 4.84566361e-03 8.21943903e-05 2.79269955e-04 2.50929835e-02
 4.18333284e-03 3.23114212e-04 6.92730584e-03 1.37226032e-03 7.51184215e-03
 8.79803354e-03 1.07763245e-02 1.06341768e-02 2.55567765e-03 1.84401415e-02
 4.23703795e-04 1.04251305e-02 3.16753369e-04 9.73781953e-06 1.24524839e-05
 1.42319861e-04 1.54357393e-04 8.08400122e-04 5.61074633e-05 9.31455491e-02
 4.86159798e-05 1.19383195e-03 1.10555945e-01 5.43003385e-04 3.87972858e-04
 8.47330470e-04 1.43612769e-01 8.09011333e-05 1.63081591e-01 2.48247929e+00
 1.89561827e-03 1.54722438e-01 1.36471186e-04 1.76816083e-03 2.29351726e-04
 4.39846560e-03 5.63999123e-04 1.30161909e-02 8.16777860e-05 8.42407655e-04
 1.10421892e-02 2.43584626e-03 3.60090253e-03 1.44636130e-03]
----------------------------------------------------------------------------------------------------
   Embed: 9       2.595120011173E+02      9.745707E-01    2.48E+00  9.44E-03  5.332851E+01    
----------------------------------------------------------------------------------------------------
Norm of reidual density : 
[2.01338470e-03 1.11353392e-03 1.57391905e-03 1.18518017e-04 1.31110054e-04
 6.30877685e-05 8.66299875e-04 3.12431652e-04 4.03207009e-04 3.19816867e-05
 6.61945120e-05 3.16752834e-04 1.01080710e-04 1.49455126e-04 1.41432576e-04
 3.52003234e-04 6.48493369e-04 2.19683808e-04 1.47518302e-04 4.56202619e-04
 1.37105821e-04 3.04029591e-04 1.40154122e-04 1.98442386e-04 3.55980865e-04
 7.79503670e-05 1.04345510e-04 1.25375919e-04 3.41861913e-04 2.61697444e-04
 1.90147763e-04 5.51511326e-04 1.54289174e-04 9.25569809e-05 3.75710182e-05
 1.84854284e-04 1.54003025e-04 2.55628933e-04 3.93160521e-04 3.86855446e-04
 1.58793114e-04 2.34997897e-04 2.59470542e-04 6.05555089e-05 5.00122811e-04
 1.62773072e-04 1.25434775e-04 6.87203815e-04 3.64527277e-04 1.03951543e-04
 1.13353000e-04 5.70817457e-05 4.78596069e-04 2.33085958e-04 1.32523841e-04
 1.59530656e-04 3.51729211e-04 5.12174054e-04 2.47894522e-04 3.12203506e-04
 2.72665918e-04 2.29688539e-04 8.53109148e-05 1.05453184e-04 1.13775952e-03
 2.40038246e-04 1.52044368e-04 5.89913593e-04 3.12252205e-04 7.00108314e-04
 5.00497482e-04 6.10962870e-04 5.34365345e-04 4.23059619e-04 1.80337517e-03
 7.48342263e-05 9.60524233e-04 1.37070854e-04 3.93007414e-05 4.86962120e-05
 5.30262514e-05 9.56996350e-05 1.35435582e-04 1.15581139e-04 1.86031156e-03
 8.23025330e-05 3.52001480e-04 1.85576864e-03 1.09183792e-04 1.13054867e-04
 2.03893156e-04 1.94106755e-03 6.69221466e-05 1.83251223e-03 8.69711461e-04
 3.30042242e-04 1.88831247e-03 1.11259086e-04 3.21050822e-04 1.24610093e-04
 4.46715995e-04 2.10854292e-04 4.91524222e-04 7.96452450e-05 2.18920665e-04
 5.42965862e-04 2.15118871e-04 2.32905340e-04 8.05052663e-05]
Energy of reidual density : 
[2.65350433e-01 7.48703918e-02 3.17304162e-02 1.95059141e-04 3.30134032e-04
 1.84463206e-04 1.88008366e-02 3.47888275e-03 1.75090511e-03 2.47134127e-05
 8.94769315e-05 2.64773758e-03 4.03551470e-04 5.06404732e-04 3.38887438e-04
 4.15364841e-03 9.55707718e-03 1.82993607e-03 9.78311309e-04 3.77800778e-03
 4.42981091e-04 1.07170891e-03 3.17203808e-04 6.77974888e-04 2.90197773e-03
 1.01400637e-04 3.31279705e-04 4.27284157e-04 2.16214706e-03 1.21731793e-03
 1.00150690e-03 6.41537151e-03 6.67313252e-04 1.16367663e-04 3.18350905e-05
 4.68540887e-04 5.20108540e-04 1.00045534e-03 2.27562500e-03 3.67583059e-03
 9.19518263e-04 1.56210977e-03 1.52515320e-03 8.30387107e-05 5.43481609e-03
 4.11154818e-04 4.31765072e-04 8.22662828e-03 3.47613542e-03 2.49771188e-04
 3.00145426e-04 8.14679939e-05 7.97720506e-03 1.33849678e-03 7.75474886e-04
 4.75487178e-04 1.45122031e-03 6.24761622e-03 6.51622624e-04 2.87071234e-03
 1.94858467e-03 1.56068001e-03 1.20950386e-04 1.25686577e-04 2.65343700e-02
 1.39948466e-03 3.04375059e-04 4.12249788e-03 1.21329175e-03 8.81700387e-03
 5.55030006e-03 9.58153366e-03 6.53919684e-03 2.75450454e-03 5.27766621e-02
 8.90625459e-05 1.02956278e-02 2.21498463e-04 2.64301736e-05 3.38769708e-05
 5.99941966e-05 1.18296153e-04 2.73629453e-04 2.88075885e-04 4.73756902e-02
 1.58907425e-04 2.05970844e-03 3.52139347e-02 2.64384449e-04 2.93198956e-04
 6.67075008e-04 4.57689363e-02 1.19606242e-04 4.55504461e-02 2.05941667e-02
 1.40252658e-03 5.49372877e-02 1.85825646e-04 2.50959245e-03 2.57926028e-04
 3.88023298e-03 9.29892675e-04 6.13791577e-03 1.21254544e-04 4.30340194e-04
 5.05929129e-03 1.78253680e-03 1.16355106e-03 1.10104830e-04]
----------------------------------------------------------------------------------------------------
   Embed: 10      2.644318955774E+02      4.919894E+00    2.65E-01  2.01E-03  5.861484E+01    
----------------------------------------------------------------------------------------------------
Norm of reidual density : 
[1.97729477e-03 1.38130532e-03 4.70912425e-04 1.73042368e-04 5.88227158e-05
 1.13805919e-04 6.87070177e-04 2.89434859e-04 3.64250083e-04 4.39001513e-05
 8.58861542e-05 2.63049610e-04 1.21286690e-04 1.14598806e-04 9.49866170e-05
 3.35536050e-04 3.47798310e-04 2.95524962e-04 1.90486630e-04 3.23875252e-04
 1.45476022e-04 1.42990384e-04 7.63923159e-05 1.10252260e-04 1.87288802e-04
 8.65328234e-05 1.69382596e-04 1.93104505e-04 1.63972434e-04 1.94129114e-04
 1.74858000e-04 5.97382785e-04 1.74709430e-04 1.04556857e-04 6.82419220e-05
 1.90946284e-04 1.81955017e-04 1.90070821e-04 4.92038336e-04 2.74103249e-04
 2.21373621e-04 1.83961442e-04 3.30178899e-04 6.59849085e-05 3.82016461e-04
 6.61438820e-05 1.70454718e-04 5.67271599e-04 4.82502198e-04 1.10796589e-04
 2.57872789e-04 9.23378685e-05 4.04917949e-04 1.41518265e-04 1.22263299e-04
 7.49919130e-05 3.30010464e-04 4.97998418e-04 2.05871685e-04 3.59068018e-04
 2.44797860e-04 2.61313707e-04 8.86417978e-05 8.44848478e-05 1.02772314e-03
 2.26390620e-04 1.32141252e-04 3.23250651e-04 1.36666372e-04 8.64043662e-04
 4.58363432e-04 4.76183744e-04 5.05890275e-04 2.73526354e-04 1.70228630e-03
 5.18638622e-05 7.21105789e-04 1.97371949e-04 4.40126073e-05 6.64125041e-05
 4.54824287e-05 2.14627481e-05 7.71802620e-05 1.41750763e-04 2.31054023e-03
 1.05497072e-04 2.89624232e-04 9.65863218e-04 9.57930876e-05 6.34496784e-05
 2.64712383e-04 7.75019353e-04 8.19994513e-05 6.35142964e-04 8.68842291e-04
 2.91420667e-04 1.92503862e-03 8.51245457e-05 3.53180909e-04 9.62473488e-05
 3.71135202e-04 1.82244977e-04 4.97988326e-04 1.07996422e-04 2.34180857e-04
 1.24037686e-04 1.89945080e-04 2.16863372e-04 6.76025447e-05]
Energy of reidual density : 
[1.31189145e-01 9.85558926e-02 5.70290588e-03 3.61947849e-04 1.04649460e-04
 2.04166014e-04 1.35745886e-02 2.80563680e-03 1.40548460e-03 4.85446458e-05
 1.55886003e-04 1.65604488e-03 5.44353085e-04 4.28714740e-04 8.52406549e-05
 3.97164104e-03 3.90251302e-03 1.83656816e-03 1.23136451e-03 2.77563481e-03
 4.29040196e-04 4.42291185e-04 1.48034156e-04 3.25832575e-04 1.11815210e-03
 9.14339422e-05 6.77266759e-04 8.73712549e-04 4.15014412e-04 8.72028688e-04
 9.33766051e-04 8.15248213e-03 8.75790924e-04 1.80549946e-04 5.08327134e-05
 3.74082290e-04 5.85944877e-04 5.36721306e-04 2.74479090e-03 2.36934408e-03
 1.40557966e-03 9.91243582e-04 2.61510588e-03 1.20684469e-04 4.18836949e-03
 9.25104719e-05 5.22584989e-04 5.66756960e-03 5.12576957e-03 2.42846827e-04
 8.34546669e-04 1.12846091e-04 5.84762984e-03 7.94125801e-04 6.08239716e-04
 1.58087543e-04 1.27333755e-03 6.00323004e-03 4.42266544e-04 2.95872258e-03
 1.54299880e-03 2.12089952e-03 1.19523615e-04 9.56093011e-05 2.22036167e-02
 1.07588168e-03 2.98966651e-04 2.34248650e-03 2.90302798e-04 1.60585082e-02
 5.89058582e-03 7.88922628e-03 5.85876294e-03 1.51143134e-03 4.65583529e-02
 3.04641310e-05 5.81051340e-03 4.38745011e-04 4.08447589e-05 7.69722287e-05
 4.52666067e-05 8.33650082e-06 1.75428148e-04 4.45636103e-04 9.08095667e-02
 2.56200946e-04 1.74069496e-03 1.71613360e-02 1.50419920e-04 1.37606620e-04
 9.70080200e-04 1.31440665e-02 1.93803843e-04 7.69539506e-03 1.89730401e-02
 1.10816018e-03 6.50862606e-02 2.07527979e-04 3.11139171e-03 1.19685715e-04
 3.59832848e-03 7.36022970e-04 6.96124854e-03 1.27546818e-04 4.90332398e-04
 4.79968590e-04 1.45926273e-03 1.08029416e-03 7.59354464e-05]
----------------------------------------------------------------------------------------------------
   Embed: 11      2.704243044468E+02      5.992409E+00    1.31E-01  2.31E-03  6.382061E+01    
----------------------------------------------------------------------------------------------------
Norm of reidual density : 
[3.14104553e-03 7.83655909e-04 5.03757148e-04 1.62560623e-04 7.08524553e-05
 1.23048408e-04 6.61826537e-04 3.18963545e-04 1.30857966e-04 8.17568254e-05
 8.83708044e-05 3.68569961e-04 2.84945348e-04 2.45026578e-04 8.68933726e-05
 3.30630993e-04 1.65977288e-04 4.50850107e-04 2.39814098e-04 1.04573192e-03
 1.70665900e-04 2.58242210e-04 6.90938407e-05 7.19796786e-05 1.42610386e-04
 8.29715858e-05 1.58427514e-04 3.15668724e-04 2.37020304e-04 1.75546837e-04
 2.52391051e-04 2.78044144e-04 1.95436163e-04 1.99662099e-04 5.35895266e-05
 1.82150399e-04 2.33643966e-04 1.40535635e-04 4.40118099e-04 3.44900878e-04
 2.53177396e-04 1.86974584e-04 4.18129767e-04 9.22252897e-05 3.83793813e-04
 7.26013917e-05 1.36300208e-04 3.67201896e-04 4.44199260e-04 1.42460359e-04
 2.58934149e-04 1.44209466e-04 4.54841377e-04 2.27425273e-04 3.65548778e-04
 6.46181301e-05 5.73662080e-05 3.35282566e-04 2.03560317e-04 4.47583273e-04
 6.48135637e-04 3.88051456e-04 9.35335462e-05 8.17866293e-05 9.85244299e-04
 2.94410839e-04 1.27215876e-04 4.78327739e-04 1.52343229e-04 2.28120932e-04
 2.28800069e-04 8.58281983e-04 5.76403858e-04 2.29513542e-04 1.08536263e-03
 8.21209781e-05 7.10637933e-04 9.89463509e-05 7.03291096e-05 5.85106772e-05
 1.13100100e-04 5.71450465e-05 7.56391036e-05 1.74656047e-04 5.97538728e-04
 1.16198103e-04 2.50789250e-04 9.97462560e-04 1.59442550e-04 1.37698742e-04
 2.09549984e-04 6.85315291e-04 1.32162744e-04 5.44239463e-04 6.72781797e-04
 9.74290458e-05 1.76695986e-03 1.17048861e-04 6.00040813e-04 2.13534045e-05
 6.20461310e-04 1.95980327e-04 4.15412595e-04 1.10289931e-04 1.87532338e-04
 2.34404476e-04 2.61516570e-04 3.53698350e-04 7.58659556e-05]
Energy of reidual density : 
[4.27867327e-01 5.62375929e-02 6.10221241e-03 3.58678148e-04 1.59072587e-04
 3.50738895e-04 1.23458816e-02 3.00952514e-03 2.62010195e-04 1.53073512e-04
 1.88206835e-04 3.21858514e-03 1.76463994e-03 1.27593058e-03 6.76395308e-05
 3.70452585e-03 6.06839965e-04 3.74914986e-03 1.77241923e-03 1.61334066e-02
 8.15998712e-04 1.69233258e-03 1.24973781e-04 1.00274813e-04 4.81327075e-04
 1.22472525e-04 4.98743767e-04 2.42190295e-03 1.24415648e-03 7.27208641e-04
 1.34421387e-03 1.83852074e-03 1.00667620e-03 6.96285693e-04 5.14264826e-05
 6.09429101e-04 1.31966284e-03 3.30082170e-04 2.17790502e-03 3.89234329e-03
 1.76157772e-03 5.07978948e-04 4.50264270e-03 2.33356036e-04 2.96435855e-03
 1.31778212e-04 3.56834358e-04 2.43292942e-03 3.79991820e-03 5.07543219e-04
 1.04099690e-03 4.28722665e-04 3.99721496e-03 6.83000209e-04 2.09378882e-03
 8.29264284e-05 1.13625721e-04 1.59817214e-03 4.77359242e-04 4.89920523e-03
 9.64000255e-03 3.92999391e-03 2.00920585e-04 1.13115042e-04 2.01160932e-02
 1.44174792e-03 2.65589534e-04 5.14112198e-03 4.41395652e-04 1.09642088e-03
 1.37087947e-03 2.15648748e-02 6.03860691e-03 1.13315742e-03 1.84722583e-02
 1.19155202e-04 5.57758341e-03 2.44646923e-04 9.67435280e-05 1.00731072e-04
 2.84401676e-04 6.10167580e-05 1.52690176e-04 7.30910385e-04 7.36189259e-03
 2.75780377e-04 1.22469976e-03 1.91650347e-02 8.68050598e-04 4.13347500e-04
 7.28246225e-04 1.09979812e-02 5.57893583e-04 6.29072060e-03 1.02041433e-02
 3.16722305e-04 5.22179546e-02 4.14213331e-04 8.68926989e-03 4.78365354e-06
 5.30095491e-03 1.08719114e-03 4.22742290e-03 2.21586454e-04 3.26877666e-04
 8.88699227e-04 1.43806588e-03 2.19126754e-03 1.10562231e-04]
----------------------------------------------------------------------------------------------------
   Embed: 12      2.767544988281E+02      6.330194E+00    4.28E-01  3.14E-03  6.901956E+01    
----------------------------------------------------------------------------------------------------
Norm of reidual density : 
[2.51081636e-03 9.40219652e-04 5.15074899e-04 7.92476104e-05 8.60198501e-05
 1.46765165e-04 8.98264533e-04 3.30440581e-04 6.18099736e-05 8.51842106e-05
 9.12985959e-05 2.43509141e-04 2.46386895e-04 2.74630962e-04 9.73549779e-05
 3.16249618e-04 2.10006504e-04 4.15074613e-04 1.56238528e-04 1.58029744e-03
 2.27769667e-04 1.23349679e-04 6.49566761e-05 6.08381943e-05 1.25649507e-04
 9.02212978e-05 8.86600420e-05 3.65217911e-04 5.98053920e-04 3.45388026e-04
 2.00988422e-04 1.86195356e-04 1.92391046e-04 2.76916127e-04 6.74414241e-05
 2.76737958e-04 3.90382146e-04 1.71821718e-04 4.37431675e-04 1.60586378e-04
 1.78230961e-04 1.70856649e-04 3.99192884e-04 1.08830240e-04 4.82729946e-04
 7.78523430e-05 1.49602273e-04 1.70893405e-04 2.57406100e-04 1.57533251e-04
 2.34285686e-04 1.93682400e-04 5.23169545e-04 2.50303959e-04 1.72123853e-04
 7.24325147e-05 2.78570265e-04 2.10520171e-04 1.59360725e-04 4.76055482e-04
 2.79367986e-04 3.77991305e-04 1.01210841e-04 7.67803413e-05 2.13806083e-03
 1.78442417e-04 1.33836994e-04 8.67436390e-04 1.32696621e-04 2.69713666e-04
 2.60816780e-04 1.91318919e-04 6.01585436e-04 2.03824446e-04 1.04787563e-03
 1.01320903e-04 7.14492654e-04 6.02879077e-05 4.24131315e-05 5.32595135e-05
 1.81103888e-04 6.73332309e-05 9.81821569e-05 1.79280342e-04 1.72009740e-03
 9.31816671e-05 1.00261399e-04 1.24871978e-03 2.72370988e-04 5.66412709e-05
 4.47230923e-04 6.87481068e-04 1.34607031e-04 8.49928194e-04 5.60475571e-04
 1.98260933e-04 5.72553044e-04 1.21527566e-04 7.02029246e-04 5.54043208e-05
 3.53144760e-04 1.25282970e-04 3.19528387e-04 1.11474248e-04 1.26590612e-04
 1.72921168e-04 1.50346664e-04 1.71295123e-04 1.13379413e-04]
Energy of reidual density : 
[2.75538176e-01 3.83854059e-02 4.89832415e-03 1.60602210e-04 1.90247541e-04
 4.36778613e-04 1.26119644e-02 3.26497458e-03 3.67668158e-05 1.66602667e-04
 1.81077553e-04 1.12829113e-03 1.55056957e-03 1.65551926e-03 1.88948529e-04
 2.24761280e-03 1.01650845e-03 3.42085719e-03 7.80676204e-04 4.58174220e-02
 1.37353966e-03 3.51719956e-04 1.02117311e-04 6.97715741e-05 3.80603737e-04
 1.33059287e-04 1.90879374e-04 3.21076557e-03 8.03126597e-03 2.45377333e-03
 8.48677223e-04 7.29396114e-04 1.12091227e-03 1.18100252e-03 1.03189322e-04
 1.36237731e-03 2.31769274e-03 5.14376458e-04 2.30362342e-03 7.47059509e-04
 1.13553301e-03 4.21949763e-04 4.18318971e-03 2.96068868e-04 4.55988902e-03
 1.30754934e-04 4.64800231e-04 4.42547134e-04 1.12977803e-03 7.07385894e-04
 1.17654394e-03 8.17716823e-04 7.17359329e-03 8.20063599e-04 4.83985150e-04
 7.38881748e-05 9.79395215e-04 6.41787955e-04 3.09475022e-04 4.82110387e-03
 1.09198546e-03 3.74990733e-03 2.67154362e-04 9.15050844e-05 8.27588796e-02
 4.50826033e-04 2.96655627e-04 1.72923013e-02 3.31516241e-04 1.28561887e-03
 1.81153728e-03 6.74990708e-04 6.62111602e-03 6.51874944e-04 1.72881961e-02
 2.47977036e-04 5.69555825e-03 5.75496620e-05 4.02409024e-05 8.24361160e-05
 6.56700785e-04 8.01419038e-05 2.18899872e-04 7.51622993e-04 5.24983029e-02
 1.59127073e-04 1.25670966e-04 2.74341532e-02 2.43562199e-03 5.06727949e-05
 2.74443128e-03 1.23423809e-02 6.00977577e-04 9.24521777e-03 5.45937175e-03
 6.88528575e-04 4.44535983e-03 4.45292084e-04 9.67630369e-03 7.04575837e-05
 1.79424898e-03 4.35144432e-04 2.46702415e-03 2.35322908e-04 1.58059476e-04
 5.26521778e-04 4.55073354e-04 6.35882543e-04 3.10255519e-04]
----------------------------------------------------------------------------------------------------
   Embed: 13      2.723262679818E+02      -4.428231E+00   2.76E-01  2.51E-03  7.426060E+01    
----------------------------------------------------------------------------------------------------
Norm of reidual density : 
[1.78203540e-03 6.53261129e-04 4.69323858e-04 5.72275016e-05 1.11492362e-04
 1.97034801e-04 2.05336589e-04 3.24594602e-04 7.40645524e-05 7.04226400e-05
 8.68236517e-05 1.50030570e-04 2.93014711e-04 3.05429959e-04 7.04176722e-05
 2.76948472e-04 1.02607333e-04 4.54304158e-04 1.94860889e-04 1.08795765e-03
 1.60701519e-04 1.07005642e-04 6.48670260e-05 4.48753132e-05 1.45424550e-04
 5.92581969e-05 1.08053069e-04 3.35173639e-04 5.96529125e-04 6.75882377e-04
 2.09328644e-04 2.16019075e-04 1.97399364e-04 5.53433813e-05 2.98001374e-05
 1.29344556e-04 3.97562213e-04 1.65014827e-04 3.90589458e-04 1.05598229e-04
 1.72024865e-04 1.59217735e-04 4.46291357e-04 1.04450078e-04 3.87476336e-04
 7.95661219e-05 8.20582268e-05 3.10947096e-04 1.96195715e-04 1.70347434e-04
 2.42141416e-04 1.82149298e-04 3.13456461e-04 2.32064054e-04 1.76454406e-04
 3.46706486e-05 1.49800296e-04 2.00453041e-04 1.31053447e-04 4.26787768e-04
 3.10203072e-04 2.83979788e-04 1.12116686e-04 1.08747543e-04 1.56491220e-03
 1.96788294e-04 1.37317995e-04 2.58265860e-04 1.15932003e-04 3.14903955e-04
 2.76617443e-04 1.92080845e-04 5.67403194e-04 2.10927573e-04 9.55151623e-04
 9.91011956e-05 5.65639281e-04 8.72943580e-05 4.75488652e-05 4.84240496e-05
 1.46614379e-04 7.21683400e-05 1.09147863e-04 1.92327332e-04 1.71035660e-03
 7.49380204e-05 9.17459867e-05 1.24305333e-03 2.52193761e-04 7.67054087e-05
 4.69506053e-04 4.30274478e-04 1.34074118e-04 8.41006342e-04 3.83014336e-04
 1.33173639e-04 4.56721285e-04 1.83447292e-04 5.43422190e-04 5.18953923e-05
 2.44673858e-04 1.14030697e-04 3.06479168e-04 1.16010190e-04 1.10629752e-04
 1.18918201e-04 1.60586048e-04 2.11931812e-04 8.78522538e-05]
Energy of reidual density : 
[1.17971754e-01 1.79002937e-02 3.71488219e-03 8.59899780e-05 3.26315327e-04
 8.02107932e-04 1.15342501e-03 3.23476077e-03 6.86990750e-05 1.08696119e-04
 1.93881812e-04 4.31251407e-04 2.21285089e-03 2.64590106e-03 1.12232681e-04
 1.69249176e-03 3.45465758e-04 4.27251283e-03 1.36775521e-03 2.01522039e-02
 7.07802351e-04 2.78137679e-04 1.07312190e-04 3.60126935e-05 3.73178651e-04
 6.88226866e-05 1.93241722e-04 2.80090243e-03 7.48052561e-03 8.59794336e-03
 1.05737119e-03 9.57359398e-04 1.17998512e-03 4.40935305e-05 1.18546776e-05
 2.53873790e-04 2.36952634e-03 4.64583192e-04 1.79917821e-03 4.01538242e-04
 9.13318055e-04 3.85485319e-04 5.25204194e-03 2.80968318e-04 3.21332395e-03
 1.39466420e-04 2.01918984e-04 1.65243228e-03 8.37755980e-04 7.60482534e-04
 1.25857247e-03 6.74667024e-04 2.25714360e-03 6.93092410e-04 5.66500650e-04
 1.84767697e-05 3.03129397e-04 8.72616958e-04 2.12902354e-04 4.05190439e-03
 1.56482314e-03 1.86497773e-03 3.37572218e-04 2.08909706e-04 4.38923911e-02
 4.83921432e-04 3.32854542e-04 1.42774826e-03 2.16941466e-04 1.87103848e-03
 1.89029934e-03 7.46736106e-04 5.94047926e-03 6.45856689e-04 1.55588828e-02
 2.22300722e-04 3.73598434e-03 1.00690869e-04 4.96462506e-05 7.77978027e-05
 4.72737218e-04 1.03542920e-04 2.67240448e-04 8.79212992e-04 5.12082503e-02
 8.37236965e-05 1.06937252e-04 2.80355684e-02 2.02905843e-03 1.30816221e-04
 2.98200261e-03 5.41122982e-03 5.89769962e-04 9.53606300e-03 2.49548350e-03
 3.90418490e-04 3.06736185e-03 8.80743925e-04 6.25698594e-03 3.93350046e-05
 9.43249734e-04 3.74161953e-04 2.29658654e-03 2.49097359e-04 1.60724259e-04
 3.98907974e-04 4.59978171e-04 9.46317954e-04 1.63846641e-04]
----------------------------------------------------------------------------------------------------
   Embed: 14      2.695258567632E+02      -2.800411E+00   1.18E-01  1.78E-03  7.935802E+01    
----------------------------------------------------------------------------------------------------
Norm of reidual density : 
[1.52561481e-03 6.61588963e-04 4.39885305e-04 8.85454488e-05 1.07175242e-04
 1.01036303e-04 1.51473101e-04 3.40389692e-04 1.24724032e-04 6.91186135e-05
 8.42661608e-05 9.27659471e-05 3.64889400e-04 2.52912209e-04 6.64678188e-05
 2.82667032e-04 1.42837971e-04 3.08182456e-04 2.11114950e-04 8.30007345e-04
 1.42716870e-04 1.45194739e-04 6.05112087e-05 6.82449311e-05 1.04563291e-04
 5.57879042e-05 1.76047129e-04 3.17191614e-04 2.94364124e-04 4.08220727e-04
 1.90795243e-04 2.00512636e-04 1.77347114e-04 7.41499173e-05 2.82673926e-05
 7.62862679e-05 2.05678845e-04 1.58265576e-04 3.68807386e-04 8.14229148e-05
 1.54037803e-04 2.51123322e-04 4.53475563e-04 8.62723562e-05 2.23588993e-04
 7.36440021e-05 7.08946216e-05 8.91868742e-05 1.43550676e-04 1.61237849e-04
 2.63528719e-04 2.34493756e-04 2.34575608e-04 1.63195482e-04 1.35577765e-04
 4.20081952e-05 6.50311380e-05 3.02731550e-04 1.29901874e-04 3.23950497e-04
 3.42787040e-04 2.78942173e-04 6.36768042e-05 9.94000672e-05 3.83252181e-04
 1.74989131e-04 1.28133856e-04 1.50512788e-04 6.28639325e-05 2.57925063e-04
 2.63215682e-04 1.82629160e-04 3.07645564e-04 2.51401056e-04 8.96900647e-04
 9.74891860e-05 5.23805460e-04 1.43208001e-04 4.17778537e-05 6.48922828e-05
 9.98942090e-05 6.32117320e-05 1.12963993e-04 1.85364930e-04 7.41824497e-04
 6.90020404e-05 1.26455804e-04 1.33824824e-03 2.14660430e-04 1.03480587e-04
 4.64927229e-04 4.16547184e-04 1.06065783e-04 9.08271559e-04 2.49272130e-04
 1.38659934e-04 4.23132755e-04 1.82144729e-04 5.67875970e-04 4.69319290e-05
 2.41032671e-04 1.24107178e-04 3.22490935e-04 1.23096606e-04 9.83884389e-05
 1.22706991e-04 1.22202038e-04 3.68150551e-04 9.58661267e-05]
Energy of reidual density : 
[1.33367683e-01 1.88957483e-02 2.94880803e-03 2.02435954e-04 2.89265873e-04
 1.60790665e-04 9.35372725e-04 3.44983951e-03 1.77101367e-04 1.04830867e-04
 1.63171467e-04 1.85451180e-04 3.38640328e-03 1.67476084e-03 9.86324007e-05
 1.58482067e-03 5.77696536e-04 2.09491966e-03 1.55542193e-03 1.15909603e-02
 5.67395250e-04 5.40695438e-04 8.74192815e-05 9.39029600e-05 2.44317055e-04
 6.18614753e-05 6.58426572e-04 2.54441227e-03 1.99416626e-03 3.18404477e-03
 9.47543405e-04 8.91473981e-04 9.37877991e-04 9.21990850e-05 1.73744614e-05
 6.68954261e-05 8.70713228e-04 3.80667962e-04 1.61197398e-03 2.70220243e-04
 7.96477153e-04 1.25761773e-03 5.38777488e-03 2.06818900e-04 1.39331726e-03
 1.23337863e-04 1.15102729e-04 1.64528162e-04 4.14539471e-04 6.55585945e-04
 1.52328912e-03 9.91720092e-04 1.45198359e-03 3.92542813e-04 3.91380316e-04
 3.31546410e-05 5.57772668e-05 1.95195667e-03 2.15932380e-04 2.25619980e-03
 1.99907841e-03 1.86819544e-03 8.02441925e-05 1.58945169e-04 2.21155148e-03
 4.12805694e-04 2.83498410e-04 5.64471041e-04 8.78666814e-05 1.26465851e-03
 1.59791020e-03 7.06395701e-04 1.47223603e-03 8.12107030e-04 1.20618764e-02
 2.09403902e-04 3.08035857e-03 3.10583115e-04 4.29129877e-05 1.24237708e-04
 2.23647714e-04 8.16307872e-05 3.14565403e-04 8.04223122e-04 8.10541498e-03
 8.74518943e-05 2.37389897e-04 2.47961526e-02 1.49513552e-03 2.90222097e-04
 2.80581762e-03 4.96659796e-03 3.35095646e-04 1.09296120e-02 1.16527116e-03
 4.36533687e-04 2.64298250e-03 7.69920413e-04 6.66042157e-03 4.31164809e-05
 1.02982209e-03 4.49513284e-04 2.53744856e-03 2.50511693e-04 1.07308333e-04
 4.37691392e-04 1.82441095e-04 1.91048542e-03 2.07089175e-04]
----------------------------------------------------------------------------------------------------
   Embed: 15      2.678579677258E+02      -1.667889E+00   1.33E-01  1.53E-03  8.453030E+01    
----------------------------------------------------------------------------------------------------
Norm of reidual density : 
[1.47136952e-03 6.33496873e-04 4.14744758e-04 9.03541774e-05 9.69120976e-05
 7.37274785e-05 1.53999990e-04 2.72916630e-04 2.66499215e-05 8.54542358e-05
 3.33465658e-05 7.25767025e-05 1.81991678e-04 2.17881997e-04 4.87864811e-05
 2.48149962e-04 1.72949988e-04 2.35196448e-04 2.03852249e-04 6.88981181e-04
 1.28827826e-04 1.52457868e-04 5.37943701e-05 4.32750980e-05 7.99577659e-05
 4.26427504e-05 1.72077573e-04 2.62194270e-04 8.51779521e-05 1.74645711e-04
 1.65799157e-04 1.91519722e-04 1.68364132e-04 5.73812026e-05 3.00531268e-05
 2.47230761e-05 1.40212302e-04 1.35826945e-04 3.55822957e-04 8.81555825e-05
 1.52923639e-04 1.90423328e-04 4.53449258e-04 8.35135888e-05 3.75958141e-04
 2.85914462e-05 1.16186852e-04 4.12379767e-05 8.92889004e-05 1.51661931e-04
 2.42521848e-04 1.91995921e-04 2.01327412e-04 1.63505419e-04 5.33377705e-05
 2.27327939e-05 3.02421757e-05 4.96422536e-04 3.56364694e-05 3.31785887e-04
 4.62456189e-04 2.41405076e-04 6.59322924e-05 7.90744468e-05 3.06663354e-04
 1.73005979e-04 7.79421727e-05 1.12361497e-04 7.19133449e-05 2.19073189e-04
 2.27829431e-04 1.63727072e-04 2.97930345e-04 2.17309510e-04 6.81798918e-04
 9.48672733e-05 3.55478358e-04 8.80256085e-05 3.98067244e-05 5.60451550e-05
 8.17648168e-05 8.04163416e-05 5.53550944e-05 1.62441052e-04 5.02906790e-04
 6.07234981e-05 1.26441365e-04 1.13673008e-03 1.89714443e-04 9.82756744e-05
 1.36641605e-04 4.33688674e-04 9.89049074e-05 8.88304478e-04 2.32324477e-04
 1.57315858e-04 4.08595849e-04 1.87314123e-04 5.69322643e-04 4.31365788e-05
 2.67870881e-04 1.21147394e-04 2.61643217e-04 7.20202491e-05 7.12099939e-05
 1.21009897e-04 6.97165777e-05 1.60640317e-04 8.87037009e-05]
Energy of reidual density : 
[1.01876006e-01 1.64545896e-02 2.61594514e-03 1.94432626e-04 2.50356608e-04
 1.08541024e-04 8.42055433e-04 2.18129788e-03 1.31878146e-05 1.65465433e-04
 3.02425507e-05 1.23582562e-04 8.69715663e-04 9.84752470e-04 5.16506830e-05
 1.42196185e-03 6.73889796e-04 1.13680181e-03 1.29033219e-03 7.02221288e-03
 4.49893879e-04 6.13489850e-04 6.33119391e-05 4.42544552e-05 2.07857713e-04
 3.61775972e-05 7.32679817e-04 1.70316103e-03 1.29799515e-04 6.09412547e-04
 7.15891974e-04 8.55907731e-04 8.39425466e-04 5.95804418e-05 1.89471499e-05
 6.82912434e-06 4.51758401e-04 2.43144875e-04 1.49501272e-03 2.60813289e-04
 7.67925041e-04 1.02207180e-03 5.25374633e-03 1.95815045e-04 3.05468398e-03
 2.43735098e-05 2.48211706e-04 2.43046848e-05 1.52980374e-04 5.77317443e-04
 1.32897003e-03 7.56537153e-04 1.04302589e-03 4.46664775e-04 5.86832116e-05
 1.35783075e-05 1.82929945e-05 5.02179530e-03 3.06319709e-05 2.40464846e-03
 4.28510686e-03 1.37425470e-03 1.05884298e-04 9.49570163e-05 1.48011282e-03
 3.46353287e-04 1.81357983e-04 2.88721253e-04 1.22517300e-04 9.20162556e-04
 1.40193638e-03 7.67822441e-04 1.57605149e-03 7.85072272e-04 8.12766415e-03
 2.03111839e-04 1.89208061e-03 1.49774871e-04 3.71214039e-05 9.94836801e-05
 1.53357665e-04 1.24623166e-04 6.96571037e-05 6.88708031e-04 4.40207831e-03
 5.99691158e-05 2.56073094e-04 1.99262650e-02 1.10907615e-03 2.37816014e-04
 2.54499926e-04 4.80968333e-03 2.80525282e-04 1.08095536e-02 1.04357772e-03
 4.95518761e-04 2.38735956e-03 7.17115765e-04 6.60642087e-03 3.70095178e-05
 1.24030512e-03 4.33682603e-04 1.77167964e-03 1.42307403e-04 6.18359951e-05
 4.12684448e-04 5.45774032e-05 4.10921165e-04 2.16529860e-04]
----------------------------------------------------------------------------------------------------
   Embed: 16      2.677673120727E+02      -9.065565E-02   1.02E-01  1.47E-03  8.958085E+01    
----------------------------------------------------------------------------------------------------
Norm of reidual density : 
[2.01584012e-03 1.36632604e-03 5.14120974e-04 9.32765388e-05 1.01305017e-04
 7.84222447e-05 2.50892324e-04 1.68712050e-04 1.95088855e-05 9.15974362e-05
 3.91196753e-05 5.44523794e-05 1.07777036e-04 1.73943382e-04 4.13619286e-05
 2.39292921e-04 1.20408917e-04 2.75054072e-04 2.02263258e-04 1.62357454e-04
 1.47172691e-04 1.35902552e-04 6.37745479e-05 1.85698249e-05 1.61433217e-04
 5.00412949e-05 2.65410689e-04 2.62594514e-04 8.25022756e-05 8.12626790e-05
 1.56825294e-04 3.24117480e-04 1.42575635e-04 3.21984633e-05 2.86571799e-05
 1.92782919e-05 8.60706496e-05 5.45890274e-05 1.14985681e-04 1.09634437e-04
 3.37492061e-04 1.72547403e-04 3.84661136e-04 1.48019521e-04 7.87220911e-04
 2.55347204e-05 5.56374071e-05 4.23474822e-05 1.29792143e-04 1.20688485e-04
 2.54653608e-04 1.74597608e-04 3.53546968e-04 1.53482762e-04 4.87809933e-05
 2.66151402e-05 3.69618328e-05 3.59405734e-04 3.69894032e-05 3.73954426e-04
 5.58731246e-04 2.02384810e-04 6.50457913e-05 8.77707541e-05 1.81498588e-04
 9.31178880e-05 7.10859484e-05 2.27941684e-05 1.06646289e-04 2.62336415e-04
 3.01475049e-04 9.17369513e-05 3.00442965e-04 2.69764738e-04 2.20144140e-04
 8.48052177e-05 1.78830763e-04 1.13015611e-04 4.27969402e-05 4.70235534e-05
 6.05355710e-05 7.09257077e-05 3.38847610e-05 1.42527551e-04 3.43008013e-04
 2.92344809e-05 1.07517819e-04 9.33237420e-04 1.65717437e-04 1.04535335e-04
 6.66696429e-05 4.43784183e-04 7.63490612e-05 3.11820031e-04 1.94635109e-04
 1.51465596e-04 3.59860815e-04 2.90800070e-04 5.16166742e-04 3.23038065e-05
 3.34452527e-04 9.59619690e-05 3.75630605e-04 5.99651241e-05 3.17865464e-05
 2.24139668e-04 6.97273598e-05 1.64697751e-04 6.70736511e-05]
Energy of reidual density : 
[1.80734340e-01 8.02751964e-02 3.65658042e-03 1.65654175e-04 2.26202538e-04
 1.77868315e-04 1.35783165e-03 2.97213089e-04 8.87978548e-06 1.92390244e-04
 4.18505506e-05 7.34218534e-05 2.62431364e-04 5.73024511e-04 3.52880759e-05
 1.46931146e-03 3.12306969e-04 1.50853979e-03 1.20193638e-03 4.91825724e-04
 5.03468166e-04 4.88118879e-04 1.02472938e-04 7.21430369e-06 5.86611926e-04
 6.42685506e-05 1.47613877e-03 1.72881090e-03 1.67214223e-04 1.25882068e-04
 6.15861282e-04 2.13099889e-03 5.96413589e-04 1.82627384e-05 2.19353197e-05
 2.98429295e-06 1.83458326e-04 3.78549059e-05 2.31670087e-04 3.17791801e-04
 3.41682304e-03 8.23733512e-04 3.79817057e-03 4.78371167e-04 1.10587472e-02
 1.53168689e-05 5.50294188e-05 2.99964591e-05 4.15301848e-04 3.61870119e-04
 1.63346918e-03 6.37803566e-04 3.15318205e-03 4.97248878e-04 5.14430736e-05
 1.83330103e-05 2.92674704e-05 2.61596087e-03 3.36189543e-05 2.78565570e-03
 5.94939851e-03 1.11222579e-03 1.08733992e-04 1.23697757e-04 4.70385425e-04
 1.58996709e-04 1.52257908e-04 1.42522952e-05 2.83686740e-04 1.22974442e-03
 1.73046680e-03 1.89106537e-04 1.85272974e-03 1.28979290e-03 7.52656372e-04
 1.74642277e-04 5.98797143e-04 2.30302409e-04 4.06689332e-05 5.86529730e-05
 8.55592284e-05 9.38325612e-05 3.26528244e-05 5.31034865e-04 2.19621171e-03
 1.55659839e-05 1.99977333e-04 1.50372774e-02 7.09084655e-04 2.85329332e-04
 8.08026288e-05 4.58700332e-03 1.74722360e-04 1.36632601e-03 9.30545376e-04
 4.49871922e-04 2.83163281e-03 1.92857026e-03 5.41041045e-03 2.26083516e-05
 1.96326686e-03 2.66183612e-04 2.73011118e-03 8.48017237e-05 1.50960266e-05
 8.96196231e-04 7.54306105e-05 4.08364753e-04 8.61973536e-05]
----------------------------------------------------------------------------------------------------
   Embed: 17      2.684328385185E+02      6.655264E-01    1.81E-01  2.02E-03  9.471899E+01    
----------------------------------------------------------------------------------------------------
Norm of reidual density : 
[1.97901425e-03 1.55206005e-03 3.26982038e-04 2.59479618e-05 8.24742230e-05
 7.87538969e-05 4.07942401e-04 4.17322850e-04 2.01891624e-05 1.03872819e-04
 3.28519666e-05 5.35808674e-05 4.17965313e-05 2.47387155e-04 4.90001495e-05
 2.38376514e-04 7.43922811e-05 2.32540330e-04 1.93141574e-04 1.33889918e-04
 1.62838544e-04 1.24930724e-04 4.84991318e-05 3.05554430e-05 4.70783824e-05
 8.72537919e-05 2.72506811e-04 1.42428420e-04 4.45804504e-05 9.84102104e-05
 1.90246665e-04 3.22950423e-04 1.26784851e-04 4.61081638e-05 2.64736545e-05
 3.22955052e-05 1.56271287e-04 6.12646524e-05 5.15207494e-05 9.83866371e-05
 2.08854789e-04 1.94930928e-04 3.08873066e-04 1.49150752e-04 6.30679309e-04
 1.64077750e-05 3.65386216e-05 2.43542857e-05 6.37560238e-05 1.67803998e-04
 1.85682711e-04 1.79487425e-04 1.26384423e-04 8.46636609e-05 5.35363091e-05
 3.91337959e-05 4.47150662e-05 3.23685127e-04 4.62651007e-05 2.66628805e-04
 3.79570142e-04 2.00605116e-04 5.93297547e-05 5.81236041e-05 1.67745124e-04
 3.76959502e-05 9.93126167e-05 2.98066635e-05 1.11408676e-04 2.51795767e-04
 2.07890924e-04 6.82892725e-05 2.95303881e-04 2.54675254e-04 1.26084588e-04
 9.64273181e-05 1.17098341e-04 5.60194012e-05 3.36374325e-05 5.89054001e-05
 8.14807019e-05 8.05314325e-05 3.70709332e-05 1.29858856e-04 2.72520303e-04
 4.28774019e-05 1.20379552e-04 7.68325344e-04 1.26364896e-04 4.08511833e-05
 1.88920694e-05 4.70644741e-04 1.28897676e-04 1.41571203e-04 1.83108983e-04
 8.99696354e-05 2.88489562e-04 1.04546358e-04 4.07265403e-04 3.75791188e-05
 2.64868424e-04 7.11531197e-05 3.26440950e-04 6.93062507e-05 2.41705241e-05
 1.36321894e-04 6.35751237e-05 4.19363581e-05 4.83672415e-05]
Energy of reidual density : 
[1.79471711e-01 1.08022384e-01 1.48302290e-03 1.16169119e-05 1.50926845e-04
 1.68216748e-04 3.69619847e-03 3.13670325e-03 8.55615375e-06 2.90883806e-04
 2.57015702e-05 7.22045885e-05 4.63663717e-05 1.36403900e-03 4.89405232e-05
 1.41945627e-03 1.60249364e-04 1.13587738e-03 1.04641188e-03 2.33736356e-04
 5.71484335e-04 3.97666968e-04 3.99476485e-05 2.44890865e-05 6.70257354e-05
 1.52559217e-04 1.57236122e-03 4.80241067e-04 4.47991323e-05 1.94644211e-04
 8.72036735e-04 2.25902374e-03 4.63526966e-04 4.61109557e-05 1.74173899e-05
 2.11250544e-05 4.77606809e-04 9.42225104e-05 3.53822265e-05 2.16610741e-04
 1.29066600e-03 1.00345891e-03 2.52983294e-03 4.52423243e-04 6.75405425e-03
 7.44271283e-06 3.47389531e-05 8.10992228e-06 8.91026611e-05 6.91838344e-04
 8.13265858e-04 6.56416143e-04 3.39140914e-04 1.01732998e-04 5.87018192e-05
 4.77563557e-05 4.40612328e-05 1.97324685e-03 5.64288336e-05 1.69355289e-03
 2.77938389e-03 1.08557331e-03 7.14584156e-05 6.80511732e-05 5.00375300e-04
 2.43803032e-05 2.82738247e-04 2.06765007e-05 2.48122366e-04 1.20293470e-03
 8.39849470e-04 1.09971728e-04 1.78357421e-03 1.25808609e-03 2.06880992e-04
 2.21826755e-04 1.93289795e-04 7.99381011e-05 2.87836867e-05 9.36765095e-05
 1.65734509e-04 1.38031992e-04 4.01402356e-05 4.35917110e-04 1.55799117e-03
 3.86115048e-05 2.54122578e-04 1.50998721e-02 4.14998583e-04 2.42256192e-05
 5.21574770e-06 4.66469754e-03 4.94511009e-04 3.81555733e-04 9.31964112e-04
 1.66721923e-04 1.73521116e-03 2.17694724e-04 3.43181306e-03 3.56295013e-05
 1.30608262e-03 9.92731440e-05 2.26849739e-03 1.27300227e-04 1.12463460e-05
 4.20609384e-04 5.72273108e-05 2.93658907e-05 4.88743025e-05]
----------------------------------------------------------------------------------------------------
   Embed: 18      2.683053292941E+02      -1.275092E-01   1.79E-01  1.98E-03  9.989140E+01    
----------------------------------------------------------------------------------------------------
Norm of reidual density : 
[1.12816967e-03 2.01126009e-03 1.81920100e-04 2.05326488e-05 3.61744626e-05
 1.21516435e-04 6.23701507e-05 1.67193850e-04 1.37798920e-05 7.36624858e-05
 3.05044010e-05 4.16758604e-05 3.83296238e-05 2.58053306e-04 4.70105657e-05
 2.98951351e-04 2.79130029e-05 2.20121665e-04 1.82783107e-04 9.72593716e-05
 1.55062182e-04 1.03752262e-04 3.03113131e-05 1.72953435e-05 3.38743077e-05
 9.50641229e-05 3.79271851e-04 1.40969030e-04 2.60351723e-05 1.79739418e-05
 8.93043339e-05 2.13252299e-04 1.20537620e-04 4.40257268e-05 2.76715482e-05
 3.31126460e-05 1.26588745e-04 5.54659018e-05 2.96278171e-05 7.29658003e-05
 1.27925000e-04 1.36033446e-04 3.74187112e-04 1.11917279e-04 7.11004774e-04
 1.76391936e-05 3.38801384e-05 4.99221773e-05 6.63703852e-05 1.37813293e-04
 2.18393118e-04 1.69322788e-04 5.56647072e-05 2.62905125e-05 5.81639121e-05
 4.65934165e-05 6.42257510e-05 1.29154689e-04 4.02127899e-05 2.44502617e-04
 5.80814294e-05 1.45918646e-04 4.27438474e-05 9.43065719e-05 9.16929643e-05
 1.04065196e-04 1.15607262e-04 1.18303703e-05 6.96487681e-05 2.56488928e-04
 7.42599300e-05 4.73260874e-05 1.20630402e-04 8.40009782e-05 1.37423629e-04
 1.02891591e-04 8.92862469e-05 1.78536998e-05 3.59641796e-05 4.70924262e-05
 8.45015844e-05 7.48641543e-05 2.55146638e-05 1.45529450e-04 2.66818498e-04
 3.31981896e-05 7.40305626e-05 8.25604164e-04 1.26801021e-04 3.15395569e-05
 1.68543797e-05 7.85575102e-04 1.09112480e-04 7.63338102e-05 4.62917157e-04
 9.43513380e-05 7.19564418e-05 9.36099891e-05 2.85326920e-04 2.37440366e-05
 9.52000494e-05 3.39263427e-05 1.95833938e-04 6.77943225e-05 2.62524423e-05
 7.89500586e-05 5.85102520e-05 1.80117292e-05 3.65313039e-05]
Energy of reidual density : 
[2.86351422e-02 1.88735417e-01 5.21184501e-04 1.05558713e-05 3.33826124e-05
 3.85240174e-04 7.08492280e-05 3.85463522e-04 1.80489113e-06 1.38222871e-04
 2.27660434e-05 3.62108345e-05 4.74795268e-05 1.41319027e-03 4.64439302e-05
 1.85376547e-03 1.03968921e-05 9.51397874e-04 7.82169808e-04 1.33072170e-04
 5.40789296e-04 2.82235357e-04 2.10764229e-05 7.30660172e-06 2.91886485e-05
 1.78343881e-04 2.73995548e-03 4.37350914e-04 1.81048735e-05 4.40084023e-06
 1.67354408e-04 9.10361001e-04 3.27185964e-04 4.04390712e-05 1.92600809e-05
 2.70340095e-05 3.49056687e-04 7.44446612e-05 1.73320917e-05 7.09676099e-05
 3.86575685e-04 5.19744674e-04 3.26274816e-03 2.62369737e-04 7.80360295e-03
 6.69469233e-06 3.42314489e-05 4.33955863e-05 1.04693258e-04 4.64039784e-04
 1.33779495e-03 5.73775712e-04 4.48672726e-05 1.72246634e-05 7.18508315e-05
 6.35141417e-05 7.35194054e-05 2.48083723e-04 4.38304697e-05 1.52765919e-03
 1.11834143e-04 5.67995366e-04 3.90499952e-05 1.95770780e-04 1.13395412e-04
 1.96588618e-04 3.56733292e-04 3.06496206e-06 8.61418662e-05 1.17479324e-03
 1.06114728e-04 6.71790112e-05 3.07796567e-04 1.21992693e-04 1.80281862e-04
 2.69534866e-04 1.46624447e-04 6.81855077e-06 3.30773614e-05 6.05684806e-05
 1.58887745e-04 1.18505146e-04 1.82221179e-05 5.54758063e-04 1.49932038e-03
 2.27897217e-05 1.08746495e-04 1.63810526e-02 4.91232050e-04 2.68292799e-05
 7.16322522e-06 1.69692941e-02 3.47972019e-04 9.46932238e-05 3.13513799e-03
 2.09214097e-04 1.52164189e-04 1.96260764e-04 1.88003367e-03 7.91169371e-06
 1.70470066e-04 2.63778873e-05 8.72696877e-04 1.33308489e-04 1.58906937e-05
 1.87037542e-04 5.18583008e-05 4.61955632e-06 4.13913239e-05]
----------------------------------------------------------------------------------------------------
   Embed: 19      2.672216815391E+02      -1.083648E+00   1.89E-01  2.01E-03  1.050236E+02    
----------------------------------------------------------------------------------------------------
Norm of reidual density : 
[9.59180237e-04 2.30159241e-03 1.33712701e-04 4.59112478e-05 3.39847940e-05
 1.16732286e-04 2.86967987e-05 1.69333652e-04 8.74871299e-06 8.71765074e-05
 2.75066296e-05 4.71634157e-05 1.58226425e-05 2.38625134e-04 3.96534406e-05
 1.37096622e-04 2.62515181e-05 3.86449612e-05 1.20608610e-04 3.43251692e-05
 1.69643897e-04 9.37981403e-05 1.93119434e-05 8.70615479e-06 2.50869439e-05
 9.54473214e-05 1.28156304e-04 1.35632561e-04 2.13604475e-05 1.13617431e-05
 6.88376609e-05 1.41041301e-04 1.15289634e-04 6.90490911e-05 2.68034619e-05
 4.14918461e-05 1.17758301e-04 4.99399355e-05 2.44231999e-05 3.52786272e-05
 8.39467188e-05 6.78026159e-05 3.97669483e-04 8.30578280e-05 6.68956680e-04
 1.87195028e-05 3.68420583e-05 6.41284938e-05 6.53623864e-05 1.28007029e-04
 2.22020365e-04 1.65293037e-04 2.61194856e-05 1.38712554e-05 5.04080547e-05
 4.10266887e-05 3.15065941e-05 8.89282925e-05 3.66487942e-05 2.31373617e-04
 4.21107426e-05 1.13789478e-04 3.49123584e-05 5.95125969e-05 5.48347392e-05
 3.12241906e-05 1.11975965e-04 4.39811297e-05 4.98899750e-05 1.89747770e-04
 4.00361981e-05 3.55416957e-05 5.75564412e-05 2.18086832e-05 1.16099520e-04
 9.99040998e-05 8.26874752e-05 1.08351169e-05 4.51493688e-05 3.33821195e-05
 7.22797455e-05 7.97681454e-05 2.54563688e-05 1.52465005e-04 8.62498350e-05
 3.09522906e-05 4.21620632e-05 8.96862481e-04 8.62143711e-05 4.50111191e-05
 1.33723437e-05 6.08827807e-04 1.16448285e-04 2.42104918e-05 3.59072440e-04
 4.03235881e-05 3.76220371e-05 1.03036372e-04 2.59133860e-04 1.15293829e-05
 7.70155433e-05 2.80190640e-05 3.94792570e-05 6.70156614e-05 2.48492338e-05
 8.63848386e-05 7.32344102e-05 5.15187537e-06 4.22086918e-05]
Energy of reidual density : 
[2.11767018e-02 2.51685205e-01 3.39166333e-04 5.93912116e-05 3.16414375e-05
 3.41213590e-04 1.17997929e-05 3.71783398e-04 1.99793265e-06 1.93556292e-04
 1.66006277e-05 5.88785572e-05 6.15509590e-06 1.35333028e-03 3.17891472e-05
 3.73263257e-04 1.52654314e-05 2.36311197e-05 4.43379893e-04 1.77193349e-05
 5.85682729e-04 2.21995889e-04 8.87578106e-06 2.13814896e-06 1.75586064e-05
 1.73539431e-04 3.52260438e-04 3.85337637e-04 1.08030692e-05 2.50621158e-06
 1.14087785e-04 3.99643330e-04 3.38864652e-04 8.74127487e-05 1.80594289e-05
 4.74622982e-05 2.90197329e-04 5.93780401e-05 1.14017045e-05 2.95463997e-05
 1.78719671e-04 1.09018082e-04 3.76490375e-03 1.51921868e-04 6.91141391e-03
 7.91608122e-06 4.01982425e-05 6.61858115e-05 1.01200715e-04 4.19240996e-04
 1.39578108e-03 5.55919762e-04 1.77502486e-05 5.18412382e-06 6.14004422e-05
 4.95695968e-05 1.79109019e-05 2.00871814e-04 3.77442746e-05 1.42475995e-03
 5.38200646e-05 4.07140225e-04 2.76153699e-05 8.37898461e-05 5.25158128e-05
 1.72521812e-05 3.40623450e-04 3.38583380e-05 5.10932516e-05 6.23996397e-04
 2.89127008e-05 4.03470456e-05 6.48048703e-05 8.28830708e-06 1.72890576e-04
 2.48169558e-04 1.27433445e-04 2.99799080e-06 4.35868622e-05 2.79008711e-05
 1.13008324e-04 1.43218740e-04 1.63337512e-05 6.14402674e-04 1.84056051e-04
 1.94926609e-05 3.23183742e-05 1.95300356e-02 2.00064114e-04 5.78560558e-05
 3.62762095e-06 8.32328407e-03 3.92928712e-04 1.08905871e-05 1.98577197e-03
 4.68352041e-05 3.12410776e-05 2.34620402e-04 1.50227015e-03 2.07267157e-06
 1.13366416e-04 1.33220185e-05 1.79517007e-05 1.25262284e-04 1.35117737e-05
 1.88458051e-04 9.18533490e-05 6.30331393e-07 4.94704552e-05]
----------------------------------------------------------------------------------------------------
   Embed: 20      2.673926921097E+02      1.710106E-01    2.52E-01  2.30E-03  1.100974E+02    
----------------------------------------------------------------------------------------------------
Norm of reidual density : 
[1.08678124e-03 2.10677600e-03 9.12627337e-05 1.41796179e-05 4.54954920e-05
 1.04232050e-04 2.32521574e-05 2.00795643e-04 1.07783190e-05 1.47149643e-04
 2.94295317e-05 3.58666030e-05 2.46330437e-05 2.69718007e-04 1.90335500e-05
 9.83100215e-05 4.71660578e-05 1.69497657e-05 1.01046754e-04 1.75182379e-05
 1.75708954e-04 7.62683839e-05 2.13403107e-05 3.04572016e-05 2.81454315e-05
 7.46451569e-05 9.66912182e-05 1.70569237e-04 1.14155288e-05 1.31206729e-05
 5.21689089e-05 5.27577709e-05 1.06016525e-04 1.04674874e-04 1.50583109e-05
 2.41652855e-05 1.05198870e-04 4.57831332e-05 1.46239408e-05 2.29251430e-05
 7.41825591e-05 3.13740201e-05 3.43421829e-04 8.58700421e-05 4.77959355e-04
 1.54244434e-05 3.72925009e-05 4.57634652e-05 6.75588391e-05 8.65798586e-05
 2.26542435e-04 8.05231876e-05 2.27830306e-05 8.67803352e-06 3.75770515e-05
 4.49161409e-05 1.50724831e-05 8.71884359e-05 5.79310992e-05 2.38985456e-04
 3.38616737e-05 1.07257566e-04 3.03449534e-05 3.82053176e-05 1.55902500e-05
 3.18630031e-05 7.10771458e-05 5.48247701e-05 2.76925917e-05 1.73448610e-04
 1.81880945e-05 5.75250947e-05 4.21277619e-05 2.24547269e-05 1.08886195e-04
 1.19978117e-04 6.56978076e-05 2.01327013e-05 6.11184097e-05 3.76094380e-05
 6.68433950e-05 8.59454558e-05 3.23352082e-05 1.45819099e-04 5.18576235e-05
 3.56636271e-05 3.56691002e-05 8.15583755e-04 7.40119881e-05 5.45088650e-05
 1.19128107e-05 5.32610859e-04 1.10391819e-04 2.20091325e-05 6.36394680e-05
 3.15625652e-05 2.24634168e-05 9.92908436e-05 8.89496367e-05 5.23022684e-06
 5.23218757e-05 2.29023643e-05 2.45782663e-05 6.83287022e-05 2.51886165e-05
 1.20663906e-04 6.97326154e-05 6.85780745e-06 3.25363554e-05]
Energy of reidual density : 
[2.08011804e-02 2.17353020e-01 1.68417818e-04 4.88108540e-06 4.31126907e-05
 2.67166047e-04 1.12894751e-05 6.27452650e-04 3.33412272e-06 5.59464782e-04
 1.85505542e-05 3.16292338e-05 1.37805264e-05 1.59311651e-03 8.24375440e-06
 1.75059783e-04 5.41169909e-05 3.45481494e-06 2.86511241e-04 3.99590055e-06
 5.39356010e-04 1.41152295e-04 1.30798857e-05 1.55211596e-05 1.82149421e-05
 1.13737068e-04 2.25249122e-04 5.06353830e-04 2.21240621e-06 3.46165203e-06
 7.21538295e-05 5.03614073e-05 2.96238140e-04 1.86246881e-04 5.54734881e-06
 1.37947580e-05 1.81017279e-04 5.54418485e-05 6.34550461e-06 1.18595679e-05
 1.52710124e-04 1.83361556e-05 2.73848775e-03 2.09727476e-04 3.67759818e-03
 7.06017378e-06 4.06456602e-05 3.88947910e-05 1.20290753e-04 2.34260119e-04
 1.43778872e-03 1.61970958e-04 8.80650649e-06 2.12413229e-06 3.24420535e-05
 6.43418854e-05 4.14344760e-06 2.01109684e-04 9.13488596e-05 1.54942056e-03
 3.56960563e-05 3.71470203e-04 2.38350070e-05 4.19222678e-05 4.52890830e-06
 2.03664596e-05 8.33870479e-05 5.51499283e-05 2.06557632e-05 5.76350358e-04
 5.47735195e-06 5.87309885e-05 2.72761119e-05 8.90769809e-06 1.51495952e-04
 3.59747483e-04 9.33655842e-05 1.15327992e-05 7.08350084e-05 3.40046304e-05
 9.37574623e-05 1.74663191e-04 2.56967399e-05 5.93669301e-04 2.94199996e-05
 2.58574337e-05 2.51065154e-05 1.19504442e-02 1.40218829e-04 8.92528950e-05
 2.81938249e-06 6.30809978e-03 3.42057921e-04 7.94854500e-06 9.03922168e-05
 2.77869803e-05 1.35897409e-05 2.08205689e-04 1.60756115e-04 5.86396394e-07
 4.84519946e-05 1.40063905e-05 6.12877674e-06 1.17781519e-04 1.23109128e-05
 3.33187566e-04 7.31992702e-05 1.28773960e-06 2.70353380e-05]
----------------------------------------------------------------------------------------------------
   Embed: 21      2.664722376680E+02      -9.204544E-01   2.17E-01  2.11E-03  1.152269E+02    
----------------------------------------------------------------------------------------------------
Norm of reidual density : 
[1.09110388e-03 2.12190122e-03 5.36690749e-05 7.81759936e-06 4.64662089e-05
 9.03969873e-05 1.88788213e-05 1.97763390e-04 9.05806473e-06 1.24384324e-04
 2.76010666e-05 2.30334855e-05 2.88097957e-05 2.27960271e-04 1.82684519e-05
 3.20511424e-05 4.20482623e-05 2.99135876e-05 1.07691897e-04 1.20007894e-05
 1.69649239e-04 6.76059501e-05 2.24500918e-05 3.15520390e-05 3.19635131e-05
 5.05377919e-05 9.30975333e-05 1.18718121e-04 1.34282943e-05 1.31966488e-05
 7.31778908e-05 2.88739976e-05 1.06877313e-04 8.69030470e-05 1.71575819e-05
 2.24416483e-05 1.04975464e-04 4.11076210e-05 1.37204722e-05 9.51386920e-06
 6.27596043e-05 1.13462941e-05 2.99087564e-04 9.21145004e-05 1.86902448e-04
 1.13601266e-05 3.52776925e-05 4.17541038e-05 8.33445739e-05 8.82706172e-05
 2.28455055e-04 6.51359852e-05 9.99874143e-06 1.07312773e-05 3.13176181e-05
 4.63035979e-05 2.06677161e-05 9.38279594e-05 4.02368041e-05 1.83158961e-04
 2.37732165e-05 1.06638698e-04 3.99436098e-05 2.99045599e-05 3.35021240e-05
 2.48026129e-05 5.51791787e-05 3.66800403e-05 1.50148613e-05 4.15514717e-04
 1.62039212e-05 7.07569190e-05 2.71164433e-05 2.03037710e-05 5.75862624e-05
 1.49294084e-04 3.57651297e-05 1.42891770e-05 4.40133477e-05 2.91898880e-05
 6.72918415e-05 9.82697604e-05 2.65278197e-05 1.15773554e-04 4.12715347e-05
 3.47251631e-05 3.73181307e-05 3.20208367e-04 7.60565705e-05 5.26637866e-05
 9.55167352e-06 5.31484589e-04 1.04203613e-04 4.42023613e-05 2.97197527e-05
 1.76499913e-05 2.34278772e-05 1.45582219e-04 6.72475423e-05 8.31372139e-06
 2.07167619e-05 3.59366638e-05 2.72579122e-05 5.62708265e-05 1.33874190e-05
 1.41922004e-04 5.77041889e-05 9.40907423e-06 3.10419613e-05]
Energy of reidual density : 
[2.07445989e-02 2.18282849e-01 5.59438554e-05 1.38433471e-06 4.78401556e-05
 1.92095308e-04 7.08326896e-06 5.74684658e-04 2.07920632e-06 3.99260121e-04
 1.65868795e-05 6.65126675e-06 2.01432816e-05 1.22120322e-03 8.95478097e-06
 1.79681131e-05 3.71976584e-05 1.70883235e-05 3.30255528e-04 1.96192690e-06
 5.15860004e-04 1.12061043e-04 1.36112775e-05 1.75032740e-05 2.21867012e-05
 5.06675776e-05 1.34958543e-04 2.63451776e-04 4.18642939e-06 2.49212192e-06
 1.31622739e-04 1.58061950e-05 3.01669524e-04 1.34038012e-04 6.79191674e-06
 1.22806083e-05 1.87764623e-04 4.69653782e-05 5.25254653e-06 2.01054875e-06
 9.33249078e-05 2.66279477e-06 2.20359158e-03 2.46597729e-04 7.20126534e-04
 3.85753875e-06 3.64564694e-05 3.36033159e-05 1.89723746e-04 2.35224064e-04
 1.47454596e-03 9.92922179e-05 2.94598594e-06 3.32286216e-06 2.21130161e-05
 7.01276504e-05 9.79408917e-06 2.25413510e-04 4.02915849e-05 9.43674452e-04
 1.61101575e-05 2.07947064e-04 3.54547843e-05 2.48052474e-05 2.78312064e-05
 1.11329869e-05 6.16151787e-05 2.58146511e-05 6.68361268e-06 2.93032215e-03
 5.34983783e-06 1.30296335e-04 1.30602267e-05 5.96561099e-06 5.18281642e-05
 5.37010574e-04 2.82457621e-05 5.62844588e-06 3.90932956e-05 2.15821890e-05
 9.40580781e-05 2.18192390e-04 1.94749524e-05 3.77676588e-04 3.49511252e-05
 2.62232510e-05 2.64029740e-05 1.20205660e-03 1.43835260e-04 7.54238580e-05
 2.73228691e-06 5.96930681e-03 2.96466581e-04 4.64860076e-05 2.28507216e-05
 9.57795650e-06 1.42030091e-05 4.61102703e-04 1.07086813e-04 1.63587503e-06
 8.20059671e-06 3.54383720e-05 1.49369349e-05 9.04271529e-05 2.28970749e-06
 4.66048537e-04 5.07911380e-05 2.31380792e-06 2.63418624e-05]
----------------------------------------------------------------------------------------------------
   Embed: 22      2.666825506249E+02      2.103130E-01    2.18E-01  2.12E-03  1.202951E+02    
----------------------------------------------------------------------------------------------------
Norm of reidual density : 
[1.04622450e-03 2.37606250e-03 5.97181550e-05 5.94803514e-06 4.62742727e-05
 4.91119526e-05 2.07247589e-05 4.99313558e-05 1.04291627e-05 1.31276947e-04
 2.89203474e-05 3.23475061e-05 2.86357991e-05 2.10238112e-04 1.46264776e-05
 1.87013747e-05 3.94976621e-05 1.59080720e-05 3.29194991e-05 1.63007546e-05
 1.29534209e-04 7.25833997e-05 2.82317799e-05 2.97948151e-05 2.46453738e-05
 4.39949444e-05 1.74136902e-04 1.20444297e-04 1.74840398e-05 1.14630860e-05
 6.92251363e-05 1.29092577e-05 1.10323472e-04 6.03628384e-05 1.96281685e-05
 1.69571933e-05 1.09646888e-04 2.06788345e-05 1.54861437e-05 7.54604387e-06
 5.78409211e-05 1.18841277e-05 3.12068165e-04 7.99741997e-05 1.33778471e-04
 1.17004634e-05 3.62678894e-05 4.34820807e-05 8.84947651e-05 1.05892078e-04
 2.34475602e-04 5.46967180e-05 4.34720400e-06 1.02941816e-05 2.87558263e-05
 4.21575336e-05 2.49601507e-05 7.82964360e-05 5.66641760e-05 1.41837153e-04
 2.24664058e-05 7.36935660e-05 6.76830939e-05 3.07382252e-05 6.22870320e-05
 2.58490515e-05 4.69184446e-05 1.57118642e-05 7.63893096e-06 4.03854258e-04
 1.37116497e-05 4.59873662e-05 1.09357953e-05 1.52427448e-05 8.37507188e-05
 1.48958067e-04 2.34313994e-05 1.08356382e-05 3.91819621e-05 2.25512640e-05
 5.55946556e-05 1.05659452e-04 1.24040265e-05 6.23182209e-05 6.20524771e-05
 3.43721305e-05 3.38336705e-05 2.12875094e-04 7.24572049e-05 4.69525660e-05
 1.07490693e-05 4.49730939e-04 1.01374921e-04 3.12832825e-05 1.70788830e-05
 1.17486716e-05 3.30620933e-05 1.00687761e-04 6.85917960e-05 8.80607296e-06
 1.30410328e-05 2.22503919e-05 1.22532976e-05 1.06907556e-04 5.88836960e-06
 1.07598777e-04 4.02501708e-05 1.98171379e-05 3.55856393e-05]
Energy of reidual density : 
[1.94567511e-02 2.64391921e-01 6.91815187e-05 1.02723396e-06 4.87421041e-05
 4.91600544e-05 1.03856035e-05 5.63927042e-05 2.39549526e-06 4.38565283e-04
 2.10582722e-05 1.39927736e-05 1.96972480e-05 9.82108824e-04 5.88813607e-06
 8.36973039e-06 3.25079691e-05 4.92552518e-06 1.20204131e-05 6.86453886e-06
 3.08204061e-04 1.28968944e-04 1.84838250e-05 1.44411944e-05 1.05122464e-05
 3.75688014e-05 5.31303537e-04 4.12952416e-04 7.08233203e-06 1.82148971e-06
 1.16110559e-04 2.11637475e-06 3.11865251e-04 6.76214937e-05 6.84227530e-06
 6.86152303e-06 2.04214198e-04 1.43541963e-05 5.88587689e-06 1.49975811e-06
 7.92008990e-05 3.20539812e-06 2.31917600e-03 1.85204869e-04 3.46158484e-04
 3.10976876e-06 3.60183457e-05 3.84235857e-05 2.17922397e-04 3.45586672e-04
 1.58713438e-03 6.84022593e-05 3.68750429e-07 2.92178752e-06 1.93316641e-05
 5.53194168e-05 1.44638544e-05 1.68897305e-04 6.91567559e-05 5.37494639e-04
 1.07814640e-05 9.12431828e-05 7.78282166e-05 2.32703072e-05 8.06793961e-05
 1.25294904e-05 4.91714013e-05 4.51108942e-06 1.44842086e-06 2.72739218e-03
 4.64970529e-06 3.13506691e-05 2.50099050e-06 3.20217571e-06 1.32463184e-04
 5.29157664e-04 1.02685300e-05 3.11896040e-06 3.30045870e-05 1.41460580e-05
 6.23913728e-05 2.22738085e-04 3.06339092e-06 9.66571494e-05 6.22899569e-05
 2.67199726e-05 2.63115370e-05 7.09335570e-04 1.18197249e-04 5.95803490e-05
 3.57187864e-06 4.14928874e-03 2.69197460e-04 2.55544819e-05 6.57135231e-06
 4.34586708e-06 1.62208283e-05 2.13401516e-04 1.11791597e-04 1.93838481e-06
 2.44262734e-06 1.36118282e-05 3.40428400e-06 2.94501729e-04 4.68011473e-07
 2.63688300e-04 3.97626555e-05 9.42879089e-06 3.42045959e-05]
----------------------------------------------------------------------------------------------------
   Embed: 23      2.665078259059E+02      -1.747247E-01   2.64E-01  2.38E-03  1.253105E+02    
----------------------------------------------------------------------------------------------------
Norm of reidual density : 
[9.74658457e-04 2.36954750e-03 4.37588090e-05 3.66433604e-06 3.35334922e-05
 3.79694668e-05 1.60013525e-05 3.38917788e-05 1.06101351e-05 3.95608386e-05
 5.86965994e-05 3.66764840e-05 5.93813852e-05 2.14600135e-04 1.21853385e-05
 6.24465511e-05 4.27390640e-05 2.45753988e-05 2.36271990e-05 1.41097271e-05
 9.75462373e-05 8.40958288e-05 3.85849140e-05 2.61790024e-05 2.00244626e-05
 5.31508833e-05 1.70514433e-04 1.94322541e-04 1.07238126e-05 1.52266605e-05
 6.37628777e-05 9.30384576e-06 1.30404744e-04 5.30851456e-05 1.82736116e-05
 1.24573556e-05 1.14130666e-04 1.32983553e-05 1.39640357e-05 1.79710902e-05
 2.67013562e-05 1.06170632e-05 2.96527093e-04 7.97392006e-05 4.95627330e-05
 1.75672388e-05 4.08685786e-05 4.59242516e-05 1.23289315e-04 9.98267389e-05
 2.44716268e-04 4.61661835e-05 7.15164519e-06 7.05340330e-06 2.75517849e-05
 4.09760348e-05 1.14020496e-05 7.67207936e-05 5.37196017e-05 1.08285176e-04
 5.70613614e-06 2.86788165e-05 4.27774448e-05 2.56865777e-05 8.78002843e-05
 3.77226086e-05 4.61229880e-05 2.47030129e-05 5.30015268e-06 4.92562819e-04
 1.07050603e-05 6.82657090e-05 4.26651071e-05 1.94366162e-05 3.03247128e-05
 7.96194054e-05 1.39642541e-05 1.75163367e-05 3.00585464e-05 2.19278802e-05
 7.28318211e-05 1.01782980e-04 1.44748707e-05 7.54645458e-05 5.65878551e-05
 2.85109099e-05 2.96117327e-05 5.61089146e-05 6.59783821e-05 2.89767370e-05
 1.15160272e-05 1.46100976e-04 9.44710486e-05 2.38218852e-05 9.24681142e-06
 6.86112699e-06 2.13612877e-05 7.82044985e-05 6.31948768e-05 6.23377801e-06
 3.78516573e-06 2.80693814e-05 1.34546242e-05 1.26825867e-04 5.90406654e-06
 4.55449138e-05 3.09972635e-05 2.16485425e-05 1.81333964e-05]
Energy of reidual density : 
[1.69733061e-02 2.69641561e-01 4.09585454e-05 2.94823112e-07 2.64488736e-05
 2.88524160e-05 6.16486322e-06 2.91810091e-05 2.37026108e-06 3.73160204e-05
 6.32598715e-05 2.28580743e-05 8.23946123e-05 1.00834894e-03 3.86369287e-06
 9.21245276e-05 4.39088810e-05 1.20502196e-05 8.74705891e-06 4.34245814e-06
 1.75678965e-04 1.66267886e-04 3.03361294e-05 1.60805164e-05 7.16996139e-06
 5.80886785e-05 4.98472377e-04 1.03096158e-03 3.17124571e-06 4.00946621e-06
 9.05281292e-05 1.72648020e-06 4.37919746e-04 7.34517323e-05 6.26955273e-06
 3.94585500e-06 2.28355771e-04 5.57013160e-06 5.06798777e-06 8.74069781e-06
 1.74649342e-05 2.39032384e-06 2.09530058e-03 1.14556778e-04 3.99674475e-05
 6.91154226e-06 3.81411401e-05 4.02103129e-05 4.13667884e-04 3.03923899e-04
 1.70660626e-03 4.33802142e-05 9.89195602e-07 1.29081117e-06 1.82726781e-05
 4.76128358e-05 2.64311495e-06 1.39194568e-04 6.44708472e-05 3.13115971e-04
 7.71133293e-07 1.42930288e-05 2.70981276e-05 1.48695337e-05 1.50507632e-04
 3.20337214e-05 5.65026204e-05 1.32434580e-05 6.69813536e-07 4.30902858e-03
 2.49464915e-06 9.87863925e-05 3.03538539e-05 8.91182191e-06 1.95578449e-05
 1.61770126e-04 4.95946725e-06 8.03602352e-06 2.05479946e-05 1.37883600e-05
 1.10947862e-04 1.93581308e-04 5.26833877e-06 1.38417993e-04 7.27371731e-05
 2.31099593e-05 2.00365441e-05 3.81076365e-05 8.64407249e-05 2.51425821e-05
 2.85895836e-06 3.06930262e-04 2.32118034e-04 1.47512020e-05 1.91767861e-06
 1.11718673e-06 1.23877567e-05 1.29230961e-04 9.59732797e-05 9.31613539e-07
 2.46233333e-07 1.71463286e-05 2.92952785e-06 4.15933138e-04 8.54685990e-07
 3.86697347e-05 2.23564435e-05 1.10612280e-05 8.40695107e-06]
----------------------------------------------------------------------------------------------------
   Embed: 24      2.661806154300E+02      -3.272105E-01   2.70E-01  2.37E-03  1.303373E+02    
----------------------------------------------------------------------------------------------------
Norm of reidual density : 
[8.58421948e-04 2.55592769e-03 4.51184008e-05 8.11272813e-06 2.95778925e-05
 3.05289368e-05 2.48897209e-05 3.11488805e-05 1.01833775e-05 1.54054939e-05
 3.63704385e-05 4.20330121e-05 4.26202261e-05 2.64070155e-04 8.57637919e-06
 6.25938605e-05 5.12693140e-05 2.05758256e-05 1.69449721e-05 1.55546297e-05
 4.75093320e-05 7.69911582e-05 8.12682955e-06 2.32688949e-05 8.24522553e-06
 5.02740007e-05 1.04389485e-04 1.51448792e-04 1.01265047e-05 1.20431811e-05
 2.30974957e-05 4.85249806e-06 1.54637701e-04 5.00316852e-05 2.10966633e-05
 1.32360456e-05 1.05036810e-04 1.14031727e-05 2.92096378e-05 1.37857667e-05
 4.84275664e-05 2.26708868e-05 2.64292451e-04 6.68337752e-05 3.06367463e-05
 2.02601589e-05 3.97627847e-05 2.90587288e-05 1.30556956e-04 1.42475271e-04
 2.36700822e-04 4.91469500e-05 7.98446470e-06 5.53761140e-06 2.81825602e-05
 4.79283475e-05 9.42723615e-06 7.71913589e-05 5.06961522e-05 7.62172026e-05
 9.92128140e-06 1.52887720e-05 4.89695259e-05 2.78476228e-05 6.05287379e-05
 3.58314876e-05 6.42778870e-05 2.50981479e-05 7.92963016e-06 1.00361820e-04
 8.46084669e-06 6.67546593e-05 4.03848223e-05 1.44123272e-05 1.02869154e-05
 8.18388700e-05 6.43289750e-06 1.83257642e-05 1.26383274e-05 2.44865888e-05
 3.29947683e-05 7.03253755e-05 1.96446877e-05 6.59583904e-05 3.97977807e-05
 2.80546675e-05 2.58670149e-05 3.46884510e-05 3.89701134e-05 2.76173702e-05
 1.32617984e-05 7.91613319e-05 8.34628713e-05 2.02689055e-05 6.63910228e-06
 4.93438826e-06 1.76426048e-05 4.87570854e-05 4.63188161e-05 4.10988939e-06
 1.00217896e-05 1.39077423e-05 6.75902273e-06 1.29676947e-04 8.18201590e-06
 1.86881911e-05 1.94439374e-05 2.32413703e-05 1.95531883e-05]
Energy of reidual density : 
[1.50003936e-02 3.13943209e-01 4.14637092e-05 1.38607049e-06 1.99653598e-05
 1.73701233e-05 1.68626527e-05 2.51947105e-05 2.05062785e-06 5.93973533e-06
 3.14339420e-05 3.44363249e-05 4.00559720e-05 1.21801565e-03 1.84422496e-06
 9.17956550e-05 6.51842064e-05 8.22147766e-06 5.02324776e-06 3.08755896e-06
 4.01502210e-05 1.01071968e-04 1.38452163e-06 1.49248158e-05 1.39990255e-06
 5.09202054e-05 2.06259984e-04 6.02885165e-04 2.12752267e-06 3.06184739e-06
 1.07172885e-05 3.80888176e-07 6.02508945e-04 7.10079699e-05 1.14609113e-05
 5.41987654e-06 1.85043021e-04 3.74267228e-06 2.01089779e-05 5.32565284e-06
 4.11221435e-05 1.28259128e-05 1.71829133e-03 8.68589104e-05 1.51578844e-05
 9.13197997e-06 3.65890642e-05 1.88194379e-05 4.52740284e-04 5.36725454e-04
 1.55686152e-03 5.55134565e-05 1.55353254e-06 7.08585824e-07 1.98234565e-05
 5.93518103e-05 2.47003699e-06 1.39099954e-04 5.33846664e-05 1.62156002e-04
 2.40716607e-06 3.38309864e-06 3.45847275e-05 1.39084609e-05 6.51622011e-05
 2.91831176e-05 9.79851187e-05 1.55515601e-05 1.67019125e-06 2.51600691e-04
 1.44642500e-06 9.55988863e-05 2.39258064e-05 4.59739132e-06 1.72806979e-06
 1.65265908e-04 9.17625951e-07 8.88518651e-06 4.47128232e-06 1.53626953e-05
 2.10217226e-05 1.51609692e-04 9.71574083e-06 1.03083125e-04 3.21634774e-05
 2.07334714e-05 1.69109951e-05 2.43687449e-05 2.50944103e-05 2.24989018e-05
 3.59062672e-06 1.02644776e-04 1.79379083e-04 1.05070451e-05 7.34721713e-07
 6.68334700e-07 6.49478689e-06 4.76158622e-05 3.59660311e-05 4.20354551e-07
 2.02730514e-06 3.77806198e-06 5.97840064e-07 4.46235571e-04 1.84394591e-06
 5.57264835e-06 9.56695153e-06 1.20621105e-05 1.09136527e-05]
----------------------------------------------------------------------------------------------------
   Embed: 25      2.668068342319E+02      6.262188E-01    3.14E-01  2.56E-03  1.353567E+02    
----------------------------------------------------------------------------------------------------
Norm of reidual density : 
[7.71306301e-04 5.87753076e-04 6.39509644e-05 7.18363476e-06 4.23974259e-05
 3.41387734e-05 3.73137245e-05 1.81304794e-05 1.12086695e-05 1.32020776e-05
 3.02625802e-05 2.07304788e-05 3.35804811e-05 2.87646387e-04 8.96019974e-06
 5.14378152e-05 4.57557537e-05 2.16333423e-05 1.33723826e-05 2.15273803e-05
 1.01721195e-05 1.22131537e-04 1.05814120e-05 2.24543655e-05 2.45428528e-05
 3.05289619e-05 1.27609036e-04 1.35162424e-04 1.51003950e-05 2.47297017e-05
 2.24252916e-05 7.35312125e-06 1.51558051e-04 5.32962361e-05 2.38039726e-05
 1.10297011e-05 8.13701944e-05 6.46863001e-06 3.71351944e-05 2.31058620e-05
 5.10805806e-05 2.55715205e-05 1.85493475e-04 6.52538535e-05 1.50366565e-05
 2.18222230e-05 5.26418039e-05 3.01450916e-05 2.04254329e-04 7.45753284e-05
 2.33589910e-04 2.48561478e-05 9.92536738e-06 6.74773278e-06 2.64082985e-05
 4.85365879e-05 1.73605854e-05 1.13575414e-04 6.83080420e-05 5.21746680e-05
 1.36696645e-05 1.91334110e-05 4.82379070e-05 2.55812869e-05 9.66363313e-05
 3.02627958e-05 5.67233509e-05 3.66363177e-05 9.25090504e-06 8.21308594e-05
 4.17169761e-05 5.19188991e-05 6.36117001e-05 1.28228504e-05 7.72418333e-06
 7.54167346e-05 7.74532632e-06 2.31788389e-05 1.74472584e-05 2.10998385e-05
 4.21813282e-05 8.55343393e-05 2.35067452e-05 3.59026940e-05 4.49345888e-05
 2.64740975e-05 3.31522805e-05 1.25052696e-04 1.64895788e-05 2.70942850e-05
 1.87656907e-05 4.45808297e-05 5.80841826e-05 7.06862766e-05 7.62287150e-06
 7.60106758e-06 2.13786730e-05 5.03809192e-05 1.68452674e-05 6.52375159e-06
 1.94742320e-05 1.43843178e-05 5.78501222e-05 1.62562946e-04 1.02515040e-05
 2.06437169e-05 8.96221470e-06 2.63754479e-05 2.05668871e-05]
Energy of reidual density : 
[1.14659517e-02 2.24433351e-02 9.31670544e-05 9.69560737e-07 3.99017343e-05
 2.70751734e-05 3.40835925e-05 8.48172357e-06 2.68178352e-06 4.13327890e-06
 3.01767852e-05 9.46109670e-06 2.63787421e-05 1.36350787e-03 1.94176219e-06
 6.26087195e-05 5.07393842e-05 9.29088216e-06 2.59056137e-06 6.45179193e-06
 1.09627774e-06 3.23682253e-04 2.31994949e-06 1.50655344e-05 1.09691036e-05
 1.23879553e-05 2.61713102e-04 4.95862524e-04 6.67403062e-06 1.27902303e-05
 1.18441647e-05 1.16378444e-06 5.69080735e-04 8.90605551e-05 1.63302811e-05
 3.65635758e-06 1.29524285e-04 1.26087138e-06 3.22040248e-05 1.33352765e-05
 4.60968008e-05 9.98575332e-06 9.11453551e-04 9.85228189e-05 3.57118928e-06
 1.07880010e-05 5.97315077e-05 2.06912904e-05 1.16561067e-03 8.66688672e-05
 1.52796956e-03 1.60519267e-05 2.22370684e-06 1.13438850e-06 1.66994489e-05
 6.90184832e-05 7.76101468e-06 2.56170635e-04 9.99397944e-05 7.40870885e-05
 4.56445184e-06 1.17277614e-05 3.13812530e-05 1.20955961e-05 1.59232334e-04
 2.13561752e-05 7.54240236e-05 3.07339917e-05 2.19961574e-06 1.79247549e-04
 3.07888877e-05 4.72086201e-05 7.45476418e-05 3.86965234e-06 1.11550019e-06
 1.57388361e-04 1.57207188e-06 1.43389264e-05 8.18216626e-06 8.28712589e-06
 3.12845722e-05 2.15389121e-04 1.42240695e-05 2.67470910e-05 1.82228689e-05
 1.84087007e-05 2.94568365e-05 2.71602191e-04 6.31662009e-06 2.12468082e-05
 8.02625531e-06 6.03088536e-05 9.12304246e-05 7.38332246e-05 1.41994876e-06
 1.88532946e-06 8.06584393e-06 5.04809910e-05 3.97242158e-06 1.35805732e-06
 9.79558745e-06 4.24706580e-06 6.54144364e-05 6.76948788e-04 2.20319067e-06
 8.86077439e-06 1.65513797e-06 1.47594414e-05 1.19903556e-05]
----------------------------------------------------------------------------------------------------
   Embed: 26      2.655673296280E+02      -1.239505E+00   2.24E-02  7.71E-04  1.404605E+02    
----------------------------------------------------------------------------------------------------
Norm of reidual density : 
[6.22865832e-04 4.59546268e-04 7.52169581e-05 8.42471523e-06 3.44217442e-05
 3.06224230e-05 3.32552256e-05 6.40386391e-06 8.47596546e-06 8.10983562e-06
 2.83197514e-05 2.34745401e-05 2.51062834e-05 3.00738782e-04 4.69124197e-06
 6.01105231e-05 3.92117866e-05 2.11487841e-05 1.15841031e-05 1.91677838e-05
 7.50713584e-06 1.03252918e-04 1.62889014e-05 1.90961048e-05 1.78318212e-05
 2.62894027e-05 1.95944199e-04 9.41045434e-05 2.16456606e-05 3.50641820e-05
 1.83732776e-05 1.27716867e-05 1.16418398e-04 2.63641657e-05 2.67585553e-05
 1.20486207e-05 5.60589855e-05 4.82836961e-06 3.46120532e-05 2.51276500e-05
 5.39774159e-05 2.42683978e-05 4.99788433e-05 6.52234637e-05 9.64367041e-06
 2.34990158e-05 5.08861010e-05 3.36200036e-05 3.98791070e-05 9.45641048e-05
 1.83201391e-04 1.25853391e-05 5.82445431e-06 9.44576998e-06 2.84903246e-05
 5.26654534e-05 1.66761489e-05 1.29360957e-04 2.97769744e-05 5.74203623e-05
 1.14968329e-05 1.26619346e-05 4.67311052e-05 2.31232943e-05 8.90232106e-05
 2.87680846e-05 6.96354331e-05 3.82837353e-05 6.35045415e-06 1.18911897e-04
 2.84628388e-05 5.25846927e-05 6.04886332e-05 2.18230695e-05 9.02520034e-06
 8.07776217e-05 2.03168193e-05 2.69970165e-05 1.79556993e-05 2.15648694e-05
 1.08239797e-05 8.04420838e-05 2.23997904e-05 3.05118250e-05 2.96346671e-05
 2.46446172e-05 2.33913311e-05 7.36961021e-05 1.54103932e-05 3.22020637e-05
 1.17195778e-05 2.03533688e-05 3.45024392e-05 8.22057672e-05 6.06147167e-06
 2.13187183e-05 2.33452051e-05 2.61562987e-05 1.15434082e-05 6.79245512e-06
 1.46814934e-05 2.31065347e-05 4.66975658e-05 1.43170356e-04 1.15929137e-05
 5.85360038e-06 6.59738416e-06 2.20168550e-05 1.68468811e-05]
Energy of reidual density : 
[6.78661899e-03 1.31516186e-02 1.09902443e-04 1.57122679e-06 2.48604201e-05
 2.01209441e-05 2.90088726e-05 7.81389359e-07 1.57530316e-06 1.65891070e-06
 2.72652516e-05 1.26714403e-05 1.41362215e-05 1.45840760e-03 4.37549060e-07
 8.69017565e-05 3.95827077e-05 9.00379619e-06 4.01923407e-06 4.90747289e-06
 1.40061591e-06 2.27892968e-04 6.04705366e-06 9.90413655e-06 5.31202136e-06
 1.00478592e-05 5.97454945e-04 2.46423137e-04 1.23599110e-05 2.63348917e-05
 7.25166259e-06 2.52823661e-06 2.58316762e-04 1.09562609e-05 2.04055548e-05
 4.35704595e-06 6.73519056e-05 6.99758975e-07 2.76559870e-05 1.51092285e-05
 5.14305682e-05 1.15550140e-05 2.27832696e-05 7.17776390e-05 1.79265212e-06
 1.21404872e-05 5.77569427e-05 2.30245782e-05 3.71238465e-05 2.04400471e-04
 9.93878794e-04 3.57266323e-06 7.68128509e-07 1.93442518e-06 2.24235421e-05
 5.41095644e-05 6.94727346e-06 3.09122025e-04 1.64926231e-05 8.43189818e-05
 2.70311408e-06 4.96209338e-06 3.63718080e-05 9.91264748e-06 1.34545242e-04
 1.96675832e-05 1.03095834e-04 2.65627594e-05 1.12298531e-06 3.21558025e-04
 1.50552487e-05 5.06559561e-05 6.41127340e-05 1.06135392e-05 2.33844276e-06
 1.86961192e-04 1.22363246e-05 1.96191801e-05 8.07280695e-06 8.15382810e-06
 2.69311063e-06 1.71753898e-04 1.19766904e-05 2.02359427e-05 8.53182669e-06
 1.57882490e-05 1.51705480e-05 9.01391161e-05 6.69556372e-06 2.88828082e-05
 3.12050403e-06 1.14542609e-05 2.84773795e-05 9.91324131e-05 9.99507586e-07
 9.56717734e-06 9.12864430e-06 1.62637042e-05 3.16563151e-06 1.39015402e-06
 5.82852491e-06 1.18698549e-05 4.37312381e-05 5.27852506e-04 2.84025603e-06
 7.95707981e-07 9.95284541e-07 1.02374087e-05 6.28680830e-06]
----------------------------------------------------------------------------------------------------
   Embed: 27      2.652205952713E+02      -3.467344E-01   1.32E-02  6.23E-04  1.454884E+02    
----------------------------------------------------------------------------------------------------
Norm of reidual density : 
[7.32797417e-04 3.49241536e-04 7.20297772e-05 6.63427425e-06 2.92948364e-05
 1.79652773e-05 5.38915199e-05 2.55607605e-06 1.11530901e-05 8.77234876e-06
 2.74255879e-05 4.41548423e-05 3.19479813e-05 9.23364999e-05 7.24608917e-06
 6.84589411e-05 3.74792402e-05 2.70504562e-05 2.21418221e-05 1.64687582e-05
 3.54717676e-06 3.97724221e-05 1.98096615e-05 2.38972706e-05 1.13266714e-05
 3.26028162e-05 1.88175100e-04 4.52645285e-05 2.45910221e-05 1.96714861e-05
 1.51014073e-05 1.07847918e-05 9.98953299e-05 1.98646486e-05 3.64024369e-05
 1.33300894e-05 5.03846936e-05 1.42327622e-05 3.10871835e-05 2.06830621e-05
 5.47979107e-05 3.92028207e-05 1.89849194e-05 5.12711955e-05 1.03327154e-05
 2.33279901e-05 6.66748862e-05 3.27699239e-05 1.29046042e-05 3.30054846e-05
 2.64830711e-04 9.59350792e-06 5.47934853e-06 1.36395927e-05 2.95104094e-05
 6.73125553e-05 7.87174625e-06 1.26455172e-04 1.70059280e-05 8.63637332e-05
 1.53506781e-05 1.65433337e-05 3.94238681e-05 1.97846834e-05 4.65152902e-05
 3.12178821e-05 9.09523467e-05 3.21475163e-05 1.33441037e-05 8.95248514e-05
 9.62355756e-06 3.92702677e-05 4.91201592e-05 2.51946369e-05 1.00742575e-05
 8.23510883e-05 1.78878078e-05 3.11524426e-05 1.78021432e-05 1.88270427e-05
 1.18912748e-05 7.03495587e-05 1.55558214e-05 2.69541852e-05 4.99445838e-05
 2.77168395e-05 1.41423729e-05 3.85334335e-05 1.26367939e-05 2.63084695e-05
 1.14274479e-05 5.86730613e-05 1.86200288e-05 1.08486103e-04 8.42364343e-06
 2.05093976e-05 3.14456762e-05 2.88931095e-05 1.45781002e-05 7.43300274e-06
 5.57756718e-06 1.28192643e-05 1.27554923e-05 1.41148399e-04 1.40243868e-05
 1.30731956e-05 1.07557878e-05 2.62227957e-05 2.01450078e-05]
Energy of reidual density : 
[1.07236824e-02 7.95395933e-03 9.71768486e-05 1.10077711e-06 1.83887709e-05
 5.66343034e-06 7.91692260e-05 1.29469203e-07 3.26079929e-06 1.78725995e-06
 1.98731464e-05 3.77110503e-05 2.35428524e-05 2.18953313e-04 1.14449596e-06
 1.10442657e-04 3.75008056e-05 1.52108175e-05 1.52551731e-05 3.53797252e-06
 2.70954426e-07 2.64078111e-05 9.18758462e-06 1.03742845e-05 2.53010897e-06
 2.05398065e-05 5.63148503e-04 6.04275380e-05 1.37538589e-05 9.12466147e-06
 4.71331765e-06 1.47056095e-06 2.20523060e-04 5.87813610e-06 3.66117107e-05
 4.97116792e-06 4.35578513e-05 4.30039530e-06 2.20192743e-05 9.83149565e-06
 5.21858061e-05 3.80418781e-05 3.33251498e-06 6.57374584e-05 2.12636795e-06
 1.18072150e-05 9.83105919e-05 2.10578942e-05 3.12240320e-06 2.63379043e-05
 1.43628114e-03 2.35726687e-06 8.66962007e-07 3.68673408e-06 2.65372253e-05
 9.68750992e-05 1.28336123e-06 2.95474432e-04 7.90800562e-06 1.74220917e-04
 5.78948421e-06 6.72645489e-06 2.92866298e-05 7.64832942e-06 3.68499223e-05
 2.67800491e-05 1.85014107e-04 1.93276759e-05 4.22855643e-06 1.98507005e-04
 1.21006742e-06 2.89837593e-05 3.77328010e-05 1.16321281e-05 2.63646337e-06
 1.91182119e-04 9.46854533e-06 2.61532965e-05 7.76138806e-06 6.13192777e-06
 3.17148093e-06 1.28245819e-04 6.59269362e-06 1.58724710e-05 6.25614950e-05
 1.90242934e-05 4.46788379e-06 2.71746312e-05 4.67726063e-06 1.83005710e-05
 3.90465648e-06 8.15192225e-05 8.89335132e-06 1.83183096e-04 1.69793456e-06
 8.38009843e-06 1.88390478e-05 1.89211403e-05 5.45345153e-06 1.32211485e-06
 5.85860607e-07 4.47643739e-06 3.69032764e-06 5.11078849e-04 4.20982369e-06
 3.01275155e-06 2.01374953e-06 1.41649321e-05 1.10027112e-05]
----------------------------------------------------------------------------------------------------
   Embed: 28      2.650102990776E+02      -2.102962E-01   1.07E-02  7.33E-04  1.505383E+02    
----------------------------------------------------------------------------------------------------
Norm of reidual density : 
[8.02705083e-04 1.24459148e-04 7.03231476e-05 5.07007234e-06 2.77110568e-05
 2.77444867e-05 4.62374219e-05 2.06780488e-06 1.07689231e-05 2.36688641e-05
 1.89047088e-05 3.27796307e-05 3.37627013e-05 1.16032017e-04 7.52374743e-06
 8.45446643e-05 2.54141717e-05 1.47955846e-05 4.36478150e-05 1.27621261e-05
 4.97777508e-06 1.16328538e-05 1.88259832e-05 3.85112540e-05 1.51455973e-05
 1.38050213e-05 1.87638959e-04 2.41886744e-05 2.33783287e-05 1.31389352e-05
 1.27921389e-05 2.39367841e-06 1.15909606e-04 1.44493212e-05 2.79806457e-05
 1.32710986e-05 1.71967744e-05 8.94091701e-06 2.32664075e-05 2.03713502e-05
 4.54854183e-05 4.23104590e-05 6.38153709e-06 1.91509157e-05 5.94802514e-06
 2.15036130e-05 9.49233934e-05 3.32362259e-05 5.27262220e-05 6.31176638e-05
 2.71854572e-04 6.65058798e-06 7.78251887e-06 3.18589824e-06 2.98575273e-05
 4.96493138e-05 7.83483089e-06 1.21248337e-04 8.17840770e-06 7.35643178e-05
 1.75691114e-05 9.19649646e-06 2.56925200e-05 1.72860514e-05 6.40861737e-05
 2.96691336e-05 6.92367948e-05 1.79168878e-05 1.00402412e-05 8.73411122e-05
 1.15865327e-05 3.13438835e-05 4.75263583e-05 2.14468115e-05 1.30177610e-05
 6.24283833e-05 2.58468171e-05 1.87957371e-05 1.76206421e-05 1.67552404e-05
 2.42241811e-05 6.31246008e-05 7.56263218e-06 3.20919494e-05 4.66121133e-05
 2.77144042e-05 2.66997678e-05 5.43067155e-05 1.92056558e-05 3.16402089e-05
 8.62091490e-06 1.85178900e-05 2.11912572e-05 9.73513293e-05 7.82632745e-06
 1.64430203e-05 2.60038495e-05 3.67320048e-05 1.60521279e-05 5.13875346e-06
 5.88020282e-06 1.05369859e-05 2.63028795e-05 9.70436382e-05 1.49057986e-05
 1.12864143e-05 1.90754336e-06 2.07269104e-05 2.19564691e-05]
Energy of reidual density : 
[1.17823324e-02 7.24663341e-04 9.77564010e-05 7.05073140e-07 1.64291997e-05
 1.76566250e-05 5.73590743e-05 1.02945197e-07 2.54625846e-06 1.31078105e-05
 9.96170016e-06 1.91399669e-05 2.56486793e-05 2.99554309e-04 1.24262693e-06
 1.66563164e-04 1.76177085e-05 6.87359229e-06 4.93307929e-05 1.85538625e-06
 7.68593794e-07 1.51532745e-06 7.79445141e-06 2.31361416e-05 4.25309380e-06
 4.82297779e-06 5.68238589e-04 7.11885651e-06 1.30092771e-05 4.54926941e-06
 2.58610001e-06 1.06829906e-07 2.74379559e-04 5.95141747e-06 2.15663878e-05
 3.66697446e-06 4.35622094e-06 1.78512539e-06 1.38672712e-05 1.00366128e-05
 3.73547553e-05 4.32541489e-05 6.05196663e-07 8.98010700e-06 8.71072450e-07
 1.04529760e-05 2.09603201e-04 2.25781884e-05 5.53742784e-05 6.59334961e-05
 1.70782716e-03 8.97677812e-07 1.35010216e-06 2.68928488e-07 2.28140111e-05
 5.40214331e-05 1.41266060e-06 2.84318071e-04 1.99654457e-06 1.25754385e-04
 7.79570088e-06 2.24761858e-06 8.86199920e-06 5.41949500e-06 6.69730576e-05
 2.45195849e-05 9.95957021e-05 8.05255888e-06 2.24860328e-06 1.82672398e-04
 2.94904208e-06 2.37373475e-05 3.60512426e-05 9.44254290e-06 3.60888117e-06
 1.06390561e-04 1.82235482e-05 9.39704802e-06 7.99141467e-06 7.71482872e-06
 1.04460627e-05 1.21176023e-04 1.54646177e-06 2.32883950e-05 4.72712591e-05
 1.87670390e-05 1.10805109e-05 5.04624085e-05 8.45050255e-06 2.83883625e-05
 1.24050424e-06 8.25879137e-06 1.27099860e-05 1.45282506e-04 1.47960490e-06
 6.02534246e-06 1.54094751e-05 2.80232743e-05 6.31134093e-06 6.45754296e-07
 9.33827604e-07 2.96795699e-06 1.36152966e-05 1.65280852e-04 4.65006183e-06
 2.79697978e-06 5.88739536e-08 8.95840675e-06 1.26451898e-05]
----------------------------------------------------------------------------------------------------
   Embed: 29      2.652124902858E+02      2.021912E-01    1.18E-02  8.03E-04  1.555299E+02    
----------------------------------------------------------------------------------------------------
Norm of reidual density : 
[3.74863612e-04 6.56649500e-05 3.61505431e-05 1.23240638e-05 2.39189712e-05
 2.06759963e-05 4.53716218e-05 2.39359902e-06 1.23796597e-05 2.54199751e-05
 2.00546317e-05 2.25653954e-05 2.28672381e-05 9.26156166e-05 5.03992411e-06
 7.14115750e-05 1.88460796e-05 1.24493716e-05 4.31296881e-05 1.31247829e-05
 8.21352522e-06 8.02292262e-06 1.71735513e-05 3.61001948e-05 1.66684214e-05
 1.53255317e-05 1.60803294e-04 2.40052054e-05 1.71248010e-05 2.89984148e-05
 2.28908874e-05 1.26025968e-05 1.00977014e-04 1.13338259e-05 2.14201445e-05
 1.34008381e-05 2.36698744e-05 7.02343173e-06 2.73466135e-05 1.97761282e-05
 3.11476990e-05 4.13315406e-05 4.38401931e-05 1.15175197e-05 4.64102520e-06
 1.44585173e-05 4.75713297e-05 2.91264854e-05 4.95648642e-05 3.34482594e-05
 3.76458084e-04 8.65831840e-06 6.09813861e-06 1.97780325e-05 3.26130838e-05
 6.67918804e-05 6.71386087e-06 2.46519705e-04 1.33853602e-05 6.51610901e-05
 2.01453980e-05 7.61804523e-06 2.42484187e-05 5.80509748e-06 5.91078758e-05
 2.95258713e-05 5.02313676e-05 3.33097680e-05 1.20428218e-05 6.55983359e-05
 1.35913430e-05 4.68750660e-05 5.35072064e-05 1.61055331e-05 2.39996009e-05
 6.92407734e-05 5.43255538e-05 1.46506696e-05 1.78714627e-05 1.64511451e-05
 2.23607524e-05 4.90039269e-05 2.82335456e-06 4.12253686e-05 4.78659566e-05
 2.62117899e-05 2.80837103e-05 6.33208470e-05 1.27949801e-05 5.21074013e-05
 9.85736044e-06 4.50855777e-05 9.34130979e-06 9.70272612e-05 1.13938705e-05
 2.42419138e-05 3.10244730e-05 2.34344831e-05 1.16987410e-05 8.26420049e-06
 1.05863778e-05 1.41763813e-05 2.28535084e-05 5.57163363e-05 1.40654082e-05
 3.74968779e-06 4.91800535e-06 1.78422624e-05 1.44315815e-05]
Energy of reidual density : 
[5.04886622e-03 2.71514436e-04 2.77616415e-05 4.10273432e-06 1.07045862e-05
 1.06445438e-05 5.55714823e-05 1.13962698e-07 3.40157172e-06 1.56731072e-05
 1.02754285e-05 1.18319147e-05 1.25792762e-05 1.91295610e-04 4.67896430e-07
 1.15497877e-04 7.02441992e-06 4.54330468e-06 4.74549419e-05 1.95305182e-06
 1.93843256e-06 1.31262733e-06 6.89580732e-06 2.72732576e-05 5.19211162e-06
 5.55818312e-06 4.26550921e-04 9.40623634e-06 5.56857115e-06 1.87207870e-05
 1.02636766e-05 2.87573367e-06 2.25185143e-04 2.39246106e-06 1.31472336e-05
 4.96604286e-06 9.93886897e-06 1.13585115e-06 1.87109350e-05 9.48402079e-06
 1.94838475e-05 4.11682378e-05 4.63453940e-05 3.52341212e-06 4.57136718e-07
 3.83632483e-06 4.79204431e-05 1.72893627e-05 4.71600805e-05 2.46676239e-05
 3.01233744e-03 1.59538487e-06 7.18916009e-07 7.37473879e-06 2.87907548e-05
 1.02942179e-04 1.09421188e-06 9.70015236e-04 5.01479272e-06 1.04122511e-04
 1.01835583e-05 1.71350119e-06 8.12333118e-06 6.80762626e-07 5.89154014e-05
 2.51594485e-05 5.11515838e-05 3.10554117e-05 3.25952335e-06 8.77302836e-05
 3.85486098e-06 6.24762290e-05 4.85149102e-05 5.78288763e-06 1.34752724e-05
 1.21528972e-04 7.72223878e-05 6.07193275e-06 8.24582039e-06 7.19034693e-06
 1.17849546e-05 6.54326883e-05 1.59324082e-07 4.01121689e-05 4.37139191e-05
 1.56340940e-05 1.20471343e-05 6.84061169e-05 2.70326890e-06 6.64678863e-05
 1.58061140e-06 4.53377717e-05 2.00239195e-06 1.42975071e-04 3.10363450e-06
 1.32384141e-05 2.05191940e-05 1.32827504e-05 3.30754897e-06 1.15742597e-06
 2.58017814e-06 5.47621652e-06 1.05269432e-05 4.75261110e-05 3.99770383e-06
 3.69546788e-07 4.06133588e-07 6.27616475e-06 4.85755790e-06]
----------------------------------------------------------------------------------------------------
   Embed: 30      2.649888823924E+02      -2.236079E-01   5.05E-03  3.76E-04  1.605894E+02    
----------------------------------------------------------------------------------------------------
Norm of reidual density : 
[3.60776947e-04 3.06582104e-05 3.28302000e-05 5.93093143e-06 3.75282032e-05
 1.36416717e-05 1.58763565e-05 3.31455318e-06 1.26485184e-05 2.33310011e-05
 1.52548760e-05 2.10244187e-05 2.26586822e-05 7.41947761e-05 7.15794602e-06
 7.17026999e-05 2.62769818e-05 1.73151843e-05 4.29913450e-05 1.27038093e-05
 4.29893679e-06 1.08353748e-05 8.76323416e-06 2.69948275e-05 1.41761410e-05
 2.38030745e-05 1.46469423e-04 2.15610292e-05 1.97445300e-05 3.64156162e-05
 8.29900368e-06 1.59860466e-05 3.10962660e-05 1.23187332e-05 1.46975111e-05
 1.31312191e-05 1.98464398e-05 7.63040472e-06 2.90212001e-05 6.57598539e-06
 3.22474128e-05 4.37729113e-05 2.59917491e-05 7.15979842e-06 3.93573411e-06
 1.03905239e-05 5.70225114e-05 4.87987028e-05 4.91546225e-05 6.67800191e-06
 4.18161787e-04 7.88332241e-06 4.15783865e-06 2.18047889e-05 2.34704440e-05
 4.57980054e-05 6.25810299e-06 2.24125137e-04 1.42985889e-05 7.86791899e-05
 2.02218654e-05 8.33167384e-06 2.15043176e-05 3.64021116e-06 5.62817372e-05
 6.67480808e-05 5.35794968e-05 3.19634409e-05 8.35687720e-06 2.33818957e-05
 1.39518200e-05 1.81860163e-05 6.28663266e-05 2.78016075e-05 2.28273244e-05
 7.58805516e-05 5.60482524e-05 1.42480020e-05 1.59846220e-05 1.42308686e-05
 1.40855825e-05 3.66330047e-05 5.76331073e-06 5.06076599e-05 6.14598383e-05
 2.09771769e-05 1.66030991e-05 5.79828232e-05 1.71990501e-05 1.77029656e-05
 9.22484541e-06 7.89176119e-05 5.71470744e-06 1.06878914e-04 1.24395350e-05
 2.38412034e-05 3.76987291e-05 1.56961088e-05 6.15944361e-06 6.64722841e-06
 1.33121712e-05 1.04001610e-05 2.10624884e-05 3.86760684e-05 1.39538082e-05
 4.31926494e-06 8.71545627e-06 8.44443399e-06 1.52597207e-05]
Energy of reidual density : 
[3.47191540e-03 2.71182951e-05 2.45501804e-05 8.51457802e-07 2.94536589e-05
 4.96339500e-06 6.52578463e-06 2.57857423e-07 3.57364988e-06 1.38990473e-05
 5.63544116e-06 1.01828578e-05 9.41401583e-06 1.16493073e-04 9.35666067e-07
 1.19145312e-04 1.90248325e-05 8.25759082e-06 4.68732635e-05 1.87910909e-06
 5.92114612e-07 2.59644147e-06 1.40107126e-06 1.77597715e-05 3.99489179e-06
 1.30212619e-05 3.49673013e-04 8.60129398e-06 7.89642031e-06 3.01603682e-05
 1.55917284e-06 4.33845017e-06 1.20696545e-05 2.60514655e-06 5.53452894e-06
 5.17927728e-06 7.77153069e-06 1.48229703e-06 2.13602313e-05 8.16554737e-07
 1.95328934e-05 4.83399319e-05 1.58557419e-05 1.45229406e-06 4.67143586e-07
 2.37562106e-06 6.95256549e-05 4.58953914e-05 4.89311193e-05 8.90332821e-07
 4.37829089e-03 1.26275314e-06 3.22733337e-07 8.86547384e-06 1.19022316e-05
 4.94501082e-05 9.29670993e-07 8.03230905e-04 4.44432808e-06 1.59950428e-04
 9.84493610e-06 2.02028958e-06 8.33581543e-06 2.43241837e-07 5.29479361e-05
 9.49649301e-05 5.46747689e-05 2.65879127e-05 1.50081516e-06 9.21595753e-06
 4.05209575e-06 6.31733474e-06 6.52118285e-05 1.45802856e-05 1.22337096e-05
 1.49979718e-04 8.07590360e-05 5.32858787e-06 6.30259541e-06 5.47560131e-06
 5.32129805e-06 2.99804132e-05 9.96846349e-07 5.98631320e-05 7.41753863e-05
 1.05567097e-05 6.82534875e-06 6.03583208e-05 7.52416194e-06 3.72312563e-06
 1.56942281e-06 1.52375141e-04 6.49896758e-07 1.68895560e-04 3.91908390e-06
 1.07943227e-05 2.87879605e-05 6.47340232e-06 7.28109678e-07 1.11742517e-06
 4.15194729e-06 3.15873829e-06 9.04162903e-06 1.99065183e-05 4.30821538e-06
 2.49678384e-07 1.52963969e-06 1.47032174e-06 5.05272760e-06]
----------------------------------------------------------------------------------------------------
   Embed: 31      2.652908260307E+02      3.019436E-01    4.38E-03  4.18E-04  1.655753E+02    
----------------------------------------------------------------------------------------------------
Norm of reidual density : 
[1.72605115e-04 1.50516712e-05 2.85768505e-05 1.51802259e-05 4.63833882e-05
 8.10607238e-06 1.24593446e-05 4.36664292e-06 7.76442440e-06 1.63908696e-05
 1.30847692e-05 2.18098113e-05 2.42299071e-05 2.26039282e-05 1.90370369e-06
 6.48344161e-05 2.85402017e-05 2.75112652e-05 3.97918258e-05 1.13114188e-05
 2.03262571e-06 4.18603986e-06 1.59328372e-05 1.87522831e-05 1.08356276e-05
 2.21388585e-05 1.29816180e-04 1.78913819e-05 1.87708152e-05 2.37689078e-05
 6.32464253e-06 1.02917623e-05 2.26234741e-05 1.30129697e-05 7.22217273e-06
 1.19274386e-05 1.17815660e-05 1.09395664e-05 3.45486940e-05 9.47348812e-06
 3.63892046e-05 4.69664321e-05 2.12596218e-05 6.57471849e-06 6.17746385e-06
 1.11143388e-05 2.40374367e-05 5.10326744e-05 3.45257536e-05 6.38047912e-06
 3.65200211e-05 7.21682970e-06 4.77524862e-06 1.74468399e-05 2.15565998e-05
 6.03121137e-05 8.28622594e-06 2.10553336e-04 8.06620206e-06 3.14705132e-05
 2.43143720e-05 1.50223861e-05 2.15212277e-05 1.69226177e-06 5.63082433e-05
 5.23260352e-05 5.53526652e-05 2.37296677e-05 1.16563813e-05 7.24173084e-06
 1.02821260e-05 2.74414623e-05 7.78761251e-05 2.51950314e-05 1.39754184e-05
 2.51039125e-05 2.90600125e-05 1.79279174e-05 1.63555982e-05 1.24771792e-05
 8.46769020e-06 3.52906461e-05 5.28768127e-06 4.57500085e-05 5.59530833e-05
 2.15681046e-05 1.49726420e-05 5.88597142e-05 1.45044968e-05 1.72941887e-05
 1.12211038e-05 3.00582681e-05 8.50600062e-06 1.05807196e-04 1.38252395e-05
 1.70847786e-05 5.01307873e-05 2.19419472e-05 1.03887782e-05 7.30894938e-06
 1.19411072e-05 1.12482591e-05 2.62722108e-05 3.57712977e-05 1.22609055e-05
 1.17801391e-05 8.05600174e-06 1.62677839e-05 1.75019618e-05]
Energy of reidual density : 
[9.35464273e-04 8.06211291e-06 2.32601962e-05 5.67411724e-06 5.15461081e-05
 1.79763760e-06 4.26104735e-06 4.50663031e-07 1.47598137e-06 6.58086149e-06
 5.15656246e-06 1.07492947e-05 9.52807322e-06 1.11572084e-05 1.11219306e-07
 9.57730595e-05 2.19350010e-05 1.94060828e-05 3.71579988e-05 2.97972075e-06
 1.36305018e-07 3.24517004e-07 6.89016157e-06 8.38691620e-06 2.62984086e-06
 1.10452323e-05 2.75576313e-04 7.84935494e-06 7.46450483e-06 1.24492034e-05
 1.02080418e-06 2.00700227e-06 9.05707023e-06 2.37038914e-06 1.28090844e-06
 4.62799158e-06 2.60078854e-06 2.88510679e-06 3.01289057e-05 9.19973075e-07
 2.49063870e-05 5.47740356e-05 1.01934875e-05 6.96533105e-07 9.10946310e-07
 2.94428699e-06 9.54969122e-06 5.37614691e-05 2.49991869e-05 1.01728514e-06
 1.87184555e-05 1.01986983e-06 4.51190552e-07 5.83056923e-06 9.41466156e-06
 8.71995540e-05 1.70784928e-06 7.07851674e-04 1.22421154e-06 2.18166686e-05
 1.46415820e-05 5.46666316e-06 1.03239884e-05 8.31990440e-08 5.80383404e-05
 5.85386977e-05 5.21332844e-05 1.17159808e-05 3.28614351e-06 8.71404929e-07
 2.14376463e-06 1.69133320e-05 9.45258227e-05 1.12606945e-05 5.13473366e-06
 1.18579771e-05 2.45528244e-05 8.68221303e-06 6.79241486e-06 4.36976668e-06
 2.20158450e-06 3.41142442e-05 9.01855944e-07 4.75493160e-05 5.49110221e-05
 1.21476871e-05 5.56388135e-06 6.19188369e-05 4.70155527e-06 4.87986182e-06
 2.17435990e-06 2.10776229e-05 2.06598111e-06 1.66562263e-04 4.49023122e-06
 5.96637048e-06 5.22112324e-05 1.00353497e-05 2.95346976e-06 1.33588171e-06
 3.46460737e-06 3.56015750e-06 1.44893406e-05 1.62789233e-05 3.37806328e-06
 3.22694973e-06 1.12136025e-06 7.39481342e-06 6.52755214e-06]
----------------------------------------------------------------------------------------------------
   Embed: 32      2.650719362901E+02      -2.188897E-01   9.35E-04  2.11E-04  1.705708E+02    
----------------------------------------------------------------------------------------------------
Norm of reidual density : 
[1.98647740e-04 1.52828199e-05 1.95237140e-05 1.14150445e-05 4.44834061e-05
 9.70293627e-06 9.07521054e-06 4.48806884e-06 8.46574040e-06 2.19536221e-05
 1.49569258e-05 2.18065409e-05 2.53832704e-05 2.03422012e-05 3.61925388e-06
 1.45445985e-05 2.55957801e-05 1.86811483e-05 3.67455187e-05 1.17848163e-05
 2.10232283e-06 6.36855570e-06 1.18575539e-05 1.20487721e-05 9.30195505e-06
 1.16874861e-05 1.12331353e-04 1.44187117e-05 8.57694256e-06 2.34610518e-05
 6.41432931e-06 6.34868599e-06 1.23617108e-05 1.19682665e-05 3.19670393e-06
 1.10192813e-05 2.19749595e-06 1.09156611e-05 3.16577875e-05 1.00406087e-05
 4.56644320e-05 4.88732284e-05 2.29431048e-05 4.00277858e-06 8.16534220e-06
 1.04970068e-05 2.24287388e-05 5.06443848e-05 3.43055095e-05 5.58984859e-06
 2.03914139e-05 5.40591875e-06 7.83506404e-06 1.75516492e-05 2.23314891e-05
 5.72555027e-05 8.40832462e-06 2.28802912e-04 1.44053817e-05 3.87517953e-05
 2.56467282e-05 8.79791922e-06 1.90883714e-05 1.21894803e-06 6.79830807e-05
 6.14940457e-05 6.08345736e-05 2.41798200e-05 1.22707979e-05 2.74781401e-06
 1.15549735e-05 2.60873381e-05 1.89209036e-05 1.28409246e-05 1.36208805e-05
 6.99416582e-06 2.89128194e-05 1.55569533e-05 1.85295104e-05 1.43449703e-05
 8.75596781e-06 2.14471967e-05 7.11507764e-06 4.76034479e-05 4.63715188e-05
 2.51167964e-05 1.35748630e-05 5.94482198e-05 9.49529667e-06 1.05878688e-05
 1.00851315e-05 2.45839847e-05 4.38792495e-06 1.06766698e-04 1.31853026e-05
 1.89740675e-05 4.42617031e-05 1.41418217e-05 2.68658179e-05 7.17473027e-06
 1.22480357e-05 9.93445968e-06 2.36683104e-05 3.06530181e-05 1.41819739e-05
 1.69269148e-05 6.09700093e-06 1.36067960e-05 1.89971510e-05]
Energy of reidual density : 
[8.68386733e-04 1.17679749e-05 8.90708808e-06 3.10759046e-06 4.50400403e-05
 2.30235093e-06 1.88215504e-06 4.83355715e-07 1.76963276e-06 1.21770405e-05
 6.47400237e-06 1.01968000e-05 1.03921579e-05 1.05319029e-05 3.12233795e-07
 4.10460943e-06 1.81307778e-05 8.93440604e-06 3.09611459e-05 3.38988806e-06
 1.24761646e-07 1.09612503e-06 3.92886452e-06 3.83531118e-06 1.89619852e-06
 3.45002202e-06 2.03170931e-04 3.87636675e-06 1.49363630e-06 1.13694558e-05
 1.06286140e-06 1.02089159e-06 2.15371461e-06 2.99616964e-06 2.52834944e-07
 3.89541497e-06 8.01137487e-08 2.75901007e-06 2.54753327e-05 1.00060533e-06
 3.98194610e-05 5.11726627e-05 1.30394606e-05 2.39618972e-07 1.52198423e-06
 2.49724254e-06 1.11880602e-05 5.04263855e-05 2.46643907e-05 7.69161667e-07
 8.44008657e-06 6.73838658e-07 8.20174907e-07 6.18857737e-06 1.06627992e-05
 8.52407327e-05 1.69577558e-06 8.44414238e-04 4.22991268e-06 3.72113650e-05
 1.60748296e-05 2.08177687e-06 9.49102798e-06 3.93843287e-08 8.85485942e-05
 8.31161357e-05 5.54560020e-05 1.16730752e-05 3.66255157e-06 8.27703864e-08
 2.31578945e-06 1.43020437e-05 9.19123646e-06 3.71799713e-06 5.07837534e-06
 7.06372888e-07 2.43405818e-05 5.99598100e-06 8.47310669e-06 5.59719614e-06
 2.32123254e-06 9.36414959e-06 1.61567843e-06 4.97292335e-05 4.16326360e-05
 1.58271750e-05 4.73700928e-06 6.51654728e-05 2.06590291e-06 1.69662121e-06
 1.43642632e-06 1.07133261e-05 4.96286717e-07 1.68355512e-04 4.01247513e-06
 7.43951311e-06 4.11187971e-05 3.98077230e-06 1.83150954e-05 1.25491933e-06
 3.68702912e-06 2.63492001e-06 1.07803438e-05 1.13024282e-05 4.85922321e-06
 6.34855185e-06 6.86148458e-07 5.35952869e-06 8.15675276e-06]
----------------------------------------------------------------------------------------------------
   Embed: 33      2.650065077289E+02      -6.542856E-02   8.68E-04  2.29E-04  1.755016E+02    
----------------------------------------------------------------------------------------------------
Norm of reidual density : 
[1.21400076e-04 8.00604572e-06 1.56273662e-05 9.03177987e-06 4.52459351e-05
 1.37962033e-05 1.13425786e-05 4.18160738e-06 8.95304302e-06 2.29172175e-05
 1.70548855e-05 2.95856299e-05 2.19340207e-05 1.65382169e-05 3.67374165e-06
 1.13308966e-05 2.26126685e-05 1.40159517e-05 3.90348102e-05 1.13358781e-05
 6.05710334e-07 6.47470000e-06 1.31317610e-05 5.70003369e-06 1.06972140e-05
 9.76736909e-06 8.01572002e-05 1.56996362e-05 8.20357974e-06 1.63984045e-05
 8.62951139e-06 5.80354570e-06 8.53261173e-06 7.93911003e-06 6.42292004e-06
 1.84123928e-05 1.93809545e-06 1.10691068e-05 3.31845822e-05 1.56589503e-05
 5.88076952e-05 5.64516461e-05 3.48352850e-05 3.28083878e-06 5.27924563e-06
 1.17836056e-05 2.09874717e-05 5.10382301e-05 3.10243125e-05 4.24108813e-06
 7.69792733e-06 4.57800367e-06 9.42177873e-06 1.96931223e-05 2.19749233e-05
 6.74290879e-05 6.74920148e-06 2.43825831e-04 7.08034169e-06 1.46968548e-05
 2.46999693e-05 1.65450857e-05 1.96253508e-05 2.47725914e-06 7.56964499e-05
 7.26681913e-05 5.05775590e-05 2.23062083e-05 1.26212431e-05 5.63626146e-06
 1.58358757e-05 9.96722328e-06 3.62077094e-05 1.26612499e-05 1.95611198e-05
 1.70812138e-06 2.90929520e-05 1.43455210e-05 1.82448753e-05 1.21768662e-05
 9.83090497e-06 1.40474533e-05 9.92376673e-06 3.58057864e-05 4.49564138e-05
 2.52528194e-05 1.03931222e-05 5.71792304e-05 5.96140088e-06 1.02552398e-05
 1.22880236e-05 2.78907585e-05 4.13112143e-06 1.02163328e-04 1.37594589e-05
 2.62869163e-05 3.64008099e-05 3.81475886e-06 2.48113529e-05 6.77437593e-06
 1.36530764e-05 9.58056152e-06 2.19390135e-05 2.95084036e-05 1.42759493e-05
 1.95980523e-05 4.28738066e-06 1.18002801e-05 1.90884339e-05]
Energy of reidual density : 
[3.12343415e-04 4.31643739e-06 5.82449846e-06 2.04819768e-06 4.68259070e-05
 4.56046305e-06 2.08113920e-06 4.45119726e-07 1.99597948e-06 1.27370951e-05
 8.00552060e-06 2.59665759e-05 9.90079677e-06 6.65778689e-06 2.87143239e-07
 2.75644249e-06 1.36979994e-05 5.03396699e-06 3.59277502e-05 3.38972748e-06
 6.33813931e-09 1.08542667e-06 4.66692715e-06 8.80194993e-07 2.44017567e-06
 2.50238848e-06 1.01340419e-04 5.82687921e-06 1.51656255e-06 5.62415197e-06
 1.76510320e-06 9.32585147e-07 1.29557893e-06 7.47453574e-07 6.46759079e-07
 9.30039304e-06 1.07615437e-07 2.78233385e-06 2.82206715e-05 3.29450987e-06
 6.80084646e-05 6.12646194e-05 2.95753987e-05 2.66961750e-07 6.14218094e-07
 2.91756575e-06 8.89015616e-06 5.14614657e-05 2.03439998e-05 3.87041191e-07
 1.33535392e-06 4.93031331e-07 1.26938050e-06 7.87361981e-06 1.00436972e-05
 1.19117525e-04 1.02831333e-06 9.65610146e-04 8.91100042e-07 5.69527982e-06
 1.46219490e-05 4.93599906e-06 1.05466364e-05 1.51536501e-07 1.08140669e-04
 1.19500947e-04 7.47073689e-05 1.05922152e-05 3.88145115e-06 6.28400849e-07
 4.32081001e-06 2.49467631e-06 2.95296180e-05 3.58132227e-06 1.01435180e-05
 6.06438826e-08 2.46571840e-05 5.37642799e-06 7.91073160e-06 4.03361524e-06
 2.74094264e-06 5.21477728e-06 2.64668091e-06 2.90002740e-05 3.55204968e-05
 1.60132928e-05 2.72599125e-06 5.87079558e-05 8.55815089e-07 2.79561473e-06
 3.28354781e-06 1.28702148e-05 4.49555389e-07 1.55018878e-04 4.62192322e-06
 1.47381905e-05 2.90468018e-05 3.57444188e-07 1.60331983e-05 1.16045834e-06
 4.63650136e-06 2.25697871e-06 1.00809611e-05 1.09657675e-05 4.56305933e-06
 8.34909564e-06 4.16822561e-07 3.53610096e-06 8.36627817e-06]
----------------------------------------------------------------------------------------------------
   Embed: 34      2.650464746468E+02      3.996692E-02    9.66E-04  2.44E-04  1.804336E+02    
----------------------------------------------------------------------------------------------------
Norm of reidual density : 
[7.17115756e-05 1.25949209e-05 6.42008080e-06 6.16263517e-06 4.41306432e-05
 1.41339437e-05 1.25423475e-05 3.87804716e-06 7.62576157e-06 2.35566882e-05
 1.21714985e-05 3.27575433e-05 1.57507802e-05 1.39034945e-05 2.83357370e-06
 8.24111281e-06 3.85968285e-05 7.59373229e-06 3.72988603e-05 6.99263667e-06
 1.38154028e-06 5.99451894e-06 1.59002974e-05 8.61367276e-06 1.09372882e-05
 4.28710723e-06 7.04514355e-05 1.32123295e-05 1.29711805e-05 1.18001396e-05
 9.54686356e-06 7.20696154e-06 2.05541522e-06 6.69219937e-06 6.03679956e-06
 8.85111851e-06 3.24676011e-06 1.26016687e-05 2.79109753e-05 1.79044348e-05
 2.51166926e-05 6.08684875e-05 3.82131746e-05 2.87406021e-06 1.03323687e-05
 1.12553486e-05 1.68016994e-05 4.96876678e-05 3.80347203e-05 6.64731735e-06
 9.11969648e-06 3.32688310e-06 6.59942243e-06 1.96103150e-05 1.62012122e-05
 3.48139473e-05 6.86708401e-06 1.71076575e-04 2.57679980e-06 1.15481203e-05
 1.52342733e-05 1.11487929e-05 1.94638492e-05 1.80884816e-06 9.49999216e-05
 4.34819068e-05 4.32921910e-05 1.67802480e-05 1.30615581e-05 1.72136401e-05
 2.08359759e-05 9.24303828e-06 2.01366470e-05 1.15924011e-05 2.86257542e-05
 5.65181367e-07 2.66651460e-05 1.28941279e-05 1.99273795e-05 1.21080789e-05
 9.10114065e-06 1.47752545e-05 7.02015016e-06 6.04923141e-05 4.97484659e-05
 2.81448864e-05 7.83818798e-06 5.08234422e-05 4.87945980e-06 9.83485759e-06
 1.02340240e-05 2.63034016e-05 7.00557846e-06 7.86742615e-05 1.38926363e-05
 2.91960133e-05 6.99364392e-05 3.84747248e-06 1.26366029e-05 8.96329330e-06
 1.00316561e-05 9.87241647e-06 1.84844758e-05 2.23080992e-05 1.80732146e-05
 1.77877843e-05 5.60507313e-06 9.40580921e-06 1.92630321e-05]
Energy of reidual density : 
[1.09352845e-04 1.33652896e-05 9.12546757e-07 8.89751079e-07 5.25087065e-05
 4.73963216e-06 2.34533049e-06 4.20028603e-07 1.55020194e-06 1.39703077e-05
 4.05430326e-06 2.19592965e-05 6.11087106e-06 4.24837978e-06 1.50120242e-07
 1.51478171e-06 3.53404501e-05 1.41680165e-06 3.24083746e-05 1.12115873e-06
 4.15655161e-08 9.23257184e-07 6.43419361e-06 1.75200649e-06 2.40909544e-06
 5.00231333e-07 8.13185986e-05 3.83509407e-06 3.95604617e-06 2.93433968e-06
 1.95904319e-06 1.43050422e-06 8.76032904e-08 8.02358434e-07 8.22683951e-07
 1.96496584e-06 1.77711442e-07 3.61450550e-06 1.96584910e-05 3.72351260e-06
 1.74153390e-05 6.93930794e-05 3.71310958e-05 1.56220335e-07 1.77823233e-06
 2.51908095e-06 5.86898066e-06 4.45434535e-05 3.96227556e-05 1.01068954e-06
 1.34052134e-06 2.59395124e-07 6.63599988e-07 7.84171444e-06 5.98618500e-06
 3.10712439e-05 1.15371262e-06 4.60381220e-04 1.22958886e-07 3.48162101e-06
 4.79832109e-06 2.09824207e-06 1.26742299e-05 7.61075722e-08 1.73083437e-04
 4.51400801e-05 5.65716210e-05 7.05190096e-06 4.22162692e-06 5.04798734e-06
 7.45617416e-06 1.61599408e-06 7.41935768e-06 3.09986034e-06 2.04394363e-05
 5.78301790e-09 2.03092991e-05 4.46061116e-06 9.83482914e-06 3.97488339e-06
 2.36016841e-06 6.66702963e-06 1.27423362e-06 7.11542212e-05 3.21373801e-05
 1.85108296e-05 1.07614695e-06 6.10219171e-05 4.96074605e-07 2.70104192e-06
 1.81133840e-06 1.14861568e-05 1.52742580e-06 1.03936085e-04 4.22908693e-06
 1.90379041e-05 9.48121198e-05 2.91380925e-07 3.72217947e-06 1.84556980e-06
 2.48949902e-06 2.53241912e-06 7.75063242e-06 5.93634187e-06 8.44985139e-06
 6.99686629e-06 6.91341803e-07 2.07543139e-06 9.51990344e-06]
----------------------------------------------------------------------------------------------------
   Embed: 35      2.650323119517E+02      -1.416270E-02   4.60E-04  1.71E-04  1.853943E+02    
----------------------------------------------------------------------------------------------------
Norm of reidual density : 
[3.78404426e-05 1.75027617e-05 7.31620769e-06 5.70770871e-06 4.37571743e-05
 1.38394029e-05 1.07112763e-05 4.66401685e-06 5.59720663e-06 2.27304582e-05
 2.23605838e-05 2.78351885e-05 1.30358642e-05 1.62089035e-05 3.28598014e-06
 8.44821573e-06 2.55144859e-05 1.06719223e-05 3.88915985e-05 5.11948191e-06
 2.49958867e-06 9.04412169e-06 1.19977617e-05 1.03693828e-05 7.81266385e-06
 2.26861311e-06 7.21995609e-05 1.80152523e-05 1.45895172e-05 1.07119600e-05
 8.91307026e-06 6.27259989e-06 1.64373946e-06 7.72782118e-06 6.17558253e-06
 1.16196172e-05 3.32268500e-06 1.30283143e-05 2.06325496e-05 1.50239586e-05
 1.68428170e-05 6.02013684e-05 3.81257881e-05 2.61251130e-06 1.43865932e-05
 2.13493945e-05 1.18870309e-05 5.14383435e-05 4.24653306e-05 7.84937969e-06
 1.27740197e-05 4.68678772e-06 4.14837516e-06 2.25016747e-05 1.52865597e-05
 1.68804713e-05 4.36169947e-06 1.45717437e-04 3.26849865e-06 2.13027216e-05
 1.35475527e-05 1.10784957e-05 1.70335963e-05 3.55970846e-06 7.54206634e-05
 4.00432228e-05 3.60343799e-05 1.47887715e-05 1.10844669e-05 1.08473083e-05
 1.57912733e-05 1.04735479e-05 1.98145261e-05 1.11865504e-05 1.15364694e-05
 3.55915844e-06 2.46305412e-05 1.06977720e-05 4.09895304e-05 1.13744444e-05
 8.09011458e-06 1.21872396e-05 4.89682307e-06 3.94558146e-05 5.59252536e-05
 1.20252073e-05 5.78323220e-06 5.99919291e-05 2.90364134e-06 9.56151461e-06
 1.03060833e-05 2.27228127e-05 9.88186349e-06 5.57832446e-05 1.19393558e-05
 2.86222933e-05 1.87641114e-05 4.59047046e-06 3.47766081e-05 1.11103744e-05
 1.33201893e-05 9.81288114e-06 1.90151996e-05 3.77610611e-05 1.99798253e-05
 1.57361185e-05 6.03355736e-06 1.56902626e-05 2.23875116e-05]
Energy of reidual density : 
[3.06423348e-05 2.68420280e-05 1.20288196e-06 7.40025673e-07 5.21817334e-05
 3.99344980e-06 2.19659900e-06 5.65917472e-07 7.42064834e-07 1.29262997e-05
 1.26197651e-05 1.48812843e-05 4.46404992e-06 5.81187025e-06 2.53387254e-07
 1.58621856e-06 1.79326887e-05 2.59114080e-06 3.59089270e-05 6.27035758e-07
 8.93315309e-08 1.98298358e-06 3.56345292e-06 2.50262793e-06 1.10442640e-06
 1.51363510e-07 8.56256507e-05 5.79927061e-06 5.24811003e-06 2.31587332e-06
 1.71974783e-06 9.83150838e-07 4.00350760e-08 1.14992690e-06 8.99438532e-07
 3.81803299e-06 2.18071770e-07 3.52888712e-06 1.01737866e-05 2.58806115e-06
 7.49822739e-06 6.64809084e-05 3.65751743e-05 1.22771423e-07 3.72336169e-06
 1.07439160e-05 2.52176556e-06 4.32699479e-05 4.77790354e-05 1.47593881e-06
 2.37052273e-06 5.04889777e-07 3.20307348e-07 1.00648731e-05 4.51146691e-06
 5.21143078e-06 3.97590362e-07 3.40190445e-04 2.25088844e-07 1.00243743e-05
 3.79621477e-06 1.81316003e-06 9.27044399e-06 3.32148735e-07 1.01701937e-04
 3.70245170e-05 3.86600247e-05 6.04554940e-06 3.00416634e-06 2.03158261e-06
 4.72159620e-06 2.23888397e-06 7.26724965e-06 2.82949683e-06 3.27493917e-06
 2.97616458e-07 1.74340048e-05 3.08679683e-06 5.06503929e-05 3.47255995e-06
 1.93915935e-06 4.35071081e-06 6.58159677e-07 3.05618790e-05 4.25809259e-05
 2.71550454e-06 6.28253225e-07 8.62630661e-05 1.73505652e-07 2.69388438e-06
 1.94721010e-06 8.40292839e-06 2.30515015e-06 8.34801321e-05 2.73533091e-06
 1.99306987e-05 7.13124280e-06 4.15903265e-07 2.78130365e-05 2.69013408e-06
 4.06063702e-06 2.24504486e-06 7.45932454e-06 2.91682874e-05 9.80472429e-06
 5.50051927e-06 7.39205728e-07 5.13581442e-06 1.33337467e-05]
----------------------------------------------------------------------------------------------------
   Embed: 36      2.650742717379E+02      4.195979E-02    3.40E-04  1.46E-04  1.903550E+02    
----------------------------------------------------------------------------------------------------
Norm of reidual density : 
[3.02272283e-05 2.92272137e-05 8.61654614e-06 5.22450643e-06 3.97862315e-05
 1.73993870e-05 1.32010828e-05 5.27145596e-06 4.96237095e-06 2.25190963e-05
 1.60169419e-05 3.06448829e-05 1.01979720e-05 2.04225452e-05 4.06528057e-06
 3.28437329e-06 1.45139374e-05 7.76290023e-06 4.09985244e-05 2.37685266e-06
 2.66977389e-06 1.11556558e-05 1.18179361e-05 1.30590963e-05 1.20230331e-05
 4.01342436e-06 6.97894699e-05 1.77208915e-05 1.82710875e-05 1.03925648e-05
 4.40968627e-06 7.11458558e-06 1.49468009e-06 4.35702367e-06 6.53795788e-06
 6.75534025e-06 5.72540929e-06 1.36604291e-05 1.43889069e-05 1.20295647e-05
 1.53417471e-05 4.57439032e-05 3.92135702e-05 3.43329396e-06 8.39956191e-06
 1.61314609e-05 1.78107953e-05 5.09173580e-05 2.82585600e-05 1.04043382e-05
 1.61091235e-05 2.84230462e-06 7.18729882e-06 1.97008888e-05 1.76874976e-05
 6.67166965e-06 4.74310878e-06 3.41589993e-05 1.94817023e-06 1.09572765e-05
 3.91885794e-05 8.45414501e-06 9.94051138e-06 3.27963651e-06 7.21915123e-05
 1.97702514e-05 1.82949951e-05 1.45290266e-05 8.65534052e-06 1.56672576e-05
 1.66437366e-05 1.69220662e-05 1.47260609e-05 9.27250779e-06 1.16420365e-05
 4.74979882e-06 2.45515513e-05 9.22462708e-06 4.01798569e-05 9.90672509e-06
 1.41051207e-05 1.00844231e-05 4.19324626e-06 1.45155108e-05 1.85894426e-05
 9.47664310e-06 2.11987992e-06 5.13694996e-05 2.89456046e-06 1.30031823e-05
 9.68289089e-06 2.23159015e-05 9.66709808e-06 9.63689786e-05 8.18700711e-06
 2.84054140e-05 1.95910925e-05 3.45121832e-06 4.11978107e-05 1.17806038e-05
 1.03025891e-05 1.30878946e-05 1.91039290e-05 1.76781116e-05 1.85243580e-05
 6.92944177e-06 6.02931487e-06 9.64530052e-06 1.21601346e-05]
Energy of reidual density : 
[1.80385314e-05 7.76929562e-05 1.62522656e-06 7.73994792e-07 4.33648502e-05
 6.69356373e-06 4.56018980e-06 6.60796870e-07 4.26217160e-07 1.29042272e-05
 6.08050301e-06 1.85013568e-05 2.86844870e-06 8.85454508e-06 4.04546143e-07
 2.37083959e-07 6.48334064e-06 1.42437640e-06 3.76947656e-05 1.57909808e-07
 1.46657776e-07 2.98409591e-06 3.55727777e-06 3.87964640e-06 2.95599195e-06
 4.29233348e-07 8.16864414e-05 5.60837352e-06 8.06446341e-06 2.19729715e-06
 4.36737619e-07 9.64071605e-07 5.20008697e-08 3.92771247e-07 9.74670536e-07
 9.48040375e-07 7.03465160e-07 3.97287929e-06 4.03925645e-06 1.62389803e-06
 4.29573223e-06 3.50970709e-05 3.73015907e-05 1.73375999e-07 1.37910592e-06
 5.75935947e-06 5.76640730e-06 4.20074756e-05 2.14114171e-05 2.05738617e-06
 3.73881727e-06 1.59392562e-07 9.21993249e-07 7.69139407e-06 6.03780433e-06
 1.09864949e-06 5.79928992e-07 1.71539152e-05 9.58736705e-08 2.48751796e-06
 3.76579015e-05 1.73803257e-06 2.91915061e-06 2.74892921e-07 9.66982828e-05
 9.11577958e-06 1.04283645e-05 4.90606570e-06 2.01568582e-06 4.19413144e-06
 5.59749639e-06 5.95845608e-06 4.98709289e-06 1.96824097e-06 3.38606157e-06
 5.27203469e-07 1.73743106e-05 2.20305912e-06 4.69091423e-05 2.94757385e-06
 4.62790529e-06 3.05855351e-06 3.06929564e-07 4.91104821e-06 5.57900354e-06
 1.68628147e-06 1.21150331e-07 4.58674469e-05 2.37316250e-07 4.64799481e-06
 1.55891223e-06 7.88784196e-06 1.87260335e-06 1.59341142e-04 1.40341741e-06
 2.34827004e-05 7.39107810e-06 2.91751838e-07 4.07267188e-05 3.21143721e-06
 2.36497123e-06 4.15197197e-06 7.59232984e-06 5.94792787e-06 9.20726333e-06
 1.19432095e-06 7.11359071e-07 1.73470804e-06 4.14500156e-06]
----------------------------------------------------------------------------------------------------
   Embed: 37      2.650013823465E+02      -7.288939E-02   1.59E-04  9.64E-05  1.953239E+02    
----------------------------------------------------------------------------------------------------
Norm of reidual density : 
[3.06461866e-05 3.09138040e-05 2.15696555e-05 7.47233619e-06 4.21007324e-05
 1.34686336e-05 9.87078520e-06 5.33041740e-06 4.78927726e-06 2.72900666e-05
 1.06673088e-05 2.43426719e-05 9.82091389e-06 2.16676583e-05 6.34264918e-06
 2.98169302e-06 7.91863812e-06 2.95000834e-06 4.41070860e-05 1.25604675e-06
 2.34030895e-06 9.18193063e-06 1.35142949e-05 1.15987929e-05 2.64707386e-06
 7.11565620e-06 7.90875853e-05 1.69707945e-05 1.57154179e-05 1.02076400e-05
 4.60518726e-06 6.16598998e-06 9.76380550e-07 4.27122078e-06 1.07772321e-05
 3.88725110e-06 6.88745585e-06 1.50769301e-05 6.22682760e-06 1.17729635e-05
 1.24626554e-05 6.09747984e-05 3.78445402e-05 6.09660255e-06 3.91236960e-06
 7.87120861e-06 1.53104276e-05 4.92487952e-05 3.16774786e-05 7.59450247e-06
 1.23121321e-05 3.19320929e-06 7.82685132e-06 1.68658270e-05 1.56808671e-05
 1.95895674e-06 5.37354053e-06 1.85425313e-05 1.47994522e-06 1.06761609e-05
 1.81819296e-05 9.40584834e-06 7.56316412e-06 3.17734973e-06 3.74428601e-05
 6.61137453e-06 8.71177304e-06 1.38826966e-05 7.18246618e-06 1.73395991e-05
 6.07248353e-06 1.70711037e-05 1.71574710e-05 6.45045576e-06 9.31305568e-06
 4.41274587e-06 2.54499681e-05 4.51947691e-06 2.71858821e-05 7.06183806e-06
 1.42235837e-05 6.49626374e-06 4.36784588e-06 1.27640498e-05 1.63364863e-05
 8.40590789e-06 1.63141162e-06 7.13609182e-05 3.33670520e-06 1.21405630e-05
 6.88547262e-06 2.13741678e-05 9.30710963e-06 9.02544520e-05 7.33117450e-06
 2.80635796e-05 6.45461034e-06 2.63401333e-06 2.99785096e-05 9.70774279e-06
 7.94538717e-06 1.26045649e-05 1.39486225e-05 3.79168279e-06 1.00469763e-05
 6.67227130e-06 8.05995254e-06 7.67574383e-06 7.68231288e-06]
Energy of reidual density : 
[1.88095598e-05 8.65380989e-05 8.97250481e-06 1.44344898e-06 4.81275511e-05
 4.63474853e-06 2.78998599e-06 6.25719425e-07 4.89194736e-07 1.83578753e-05
 3.07841647e-06 1.00988621e-05 2.30581539e-06 9.91649222e-06 9.57304355e-07
 1.91129509e-07 1.36375763e-06 2.18900832e-07 4.92069819e-05 3.40932720e-08
 9.20256524e-08 2.03764233e-06 4.54847605e-06 3.18826584e-06 1.30037689e-07
 1.26250669e-06 1.00330747e-04 4.33172375e-06 5.68597678e-06 2.21296374e-06
 4.35974841e-07 7.24003622e-07 1.95917070e-08 4.93405089e-07 2.90418747e-06
 3.39290366e-07 1.01557049e-06 4.84574826e-06 8.13988115e-07 1.97935186e-06
 2.86318278e-06 8.95375230e-05 3.43720420e-05 6.32917905e-07 2.68617655e-07
 1.46105677e-06 4.35923963e-06 3.89052979e-05 2.43021809e-05 1.12669412e-06
 1.92855781e-06 2.58168318e-07 1.25260377e-06 5.11672111e-06 5.02461707e-06
 7.09473345e-08 7.47121101e-07 5.82305867e-06 5.02946670e-08 2.28374986e-06
 7.05018913e-06 1.93498503e-06 1.66338709e-06 2.48405276e-07 2.87575639e-05
 1.02528026e-06 1.85261706e-06 4.55914887e-06 1.32597168e-06 5.07351301e-06
 6.63091166e-07 7.41521325e-06 6.27108539e-06 1.09635179e-06 2.07007391e-06
 4.21221407e-07 1.87052627e-05 4.57801131e-07 1.70871172e-05 1.67390547e-06
 5.17096371e-06 1.28202336e-06 3.51655912e-07 3.75250119e-06 5.65232447e-06
 1.69066634e-06 6.12976315e-08 9.02671653e-05 2.83727113e-07 3.96548286e-06
 9.74704995e-07 7.11612704e-06 1.76234336e-06 1.53500185e-04 8.10246722e-07
 2.28034715e-05 7.02852466e-07 1.91085795e-07 2.22594119e-05 2.46261490e-06
 1.50301598e-06 3.91653018e-06 4.80457658e-06 2.78303298e-07 2.51278299e-06
 1.11701526e-06 1.27040889e-06 1.20038307e-06 1.35393298e-06]
----------------------------------------------------------------------------------------------------
   Embed: 38      2.650241189084E+02      2.273656E-02    1.54E-04  9.03E-05  2.002783E+02    
----------------------------------------------------------------------------------------------------
Norm of reidual density : 
[3.56043216e-05 3.13118534e-05 2.14780347e-05 8.10770445e-06 2.44442932e-05
 1.66763468e-05 7.17382672e-06 6.36786119e-06 6.42720482e-06 3.57839989e-05
 9.32639791e-06 1.26443982e-05 7.66318508e-06 2.50776039e-05 5.68948199e-06
 2.78972182e-06 1.80280640e-06 3.81184641e-06 5.13080900e-05 1.90176067e-06
 3.15558107e-06 4.79638218e-06 1.43237480e-05 9.29462724e-06 2.35434752e-06
 3.12386402e-06 5.64348474e-05 2.89934101e-05 3.80208522e-06 7.60230057e-06
 4.05239354e-06 7.07216017e-06 2.61293325e-06 5.58423866e-06 7.59464502e-06
 1.35071158e-06 4.44487961e-06 1.37319424e-05 5.35082592e-06 6.05694977e-06
 6.31141225e-06 1.64095706e-05 3.22544890e-05 6.94495975e-06 5.02581504e-06
 4.57823147e-06 1.61434653e-05 5.06299964e-05 3.29221140e-05 7.18655016e-06
 9.40198307e-06 2.50943072e-06 7.21498263e-06 1.52706568e-05 1.11562229e-05
 1.48127123e-06 4.92088011e-06 1.07471169e-05 2.30254601e-06 1.48192068e-05
 6.79881698e-06 5.23134897e-06 4.98505050e-06 6.45725118e-06 3.39421212e-05
 3.15636306e-06 3.33557844e-06 1.29333700e-05 5.13057690e-06 1.81340361e-05
 6.17361915e-06 1.62324443e-05 2.00402171e-05 5.39906780e-06 1.18847056e-05
 7.57250361e-06 2.83082287e-05 2.85873425e-06 3.28137348e-05 4.13281529e-06
 4.33315942e-06 6.00675949e-06 3.80509342e-06 1.16675098e-05 1.35330454e-05
 6.85429250e-06 2.31771186e-06 3.61890739e-05 3.52117602e-06 1.14352203e-05
 8.78775010e-06 2.01243214e-05 8.24197646e-06 7.83103798e-05 6.62996387e-06
 2.69048304e-05 6.26871961e-06 5.73974240e-06 1.65209346e-05 8.60113377e-06
 5.92248117e-06 1.12541748e-05 1.21844870e-05 2.25581388e-06 6.86649096e-06
 5.35705970e-06 2.40520284e-06 6.61811968e-06 6.79667381e-06]
Energy of reidual density : 
[2.64443465e-05 8.74429959e-05 8.86200148e-06 1.55949032e-06 1.58753033e-05
 6.22660983e-06 1.01807035e-06 9.71194921e-07 7.86563928e-07 3.18381335e-05
 1.70896166e-06 2.83973604e-06 1.44987144e-06 1.21157279e-05 7.49934950e-07
 1.65134251e-07 2.86333465e-08 3.52263001e-07 7.01864365e-05 9.99474044e-08
 1.86320874e-07 5.38429052e-07 5.05743472e-06 1.92142754e-06 1.13987214e-07
 2.80291486e-07 3.85163569e-05 1.56682611e-05 2.91889441e-07 1.15160911e-06
 3.56043160e-07 1.11500330e-06 1.62687985e-07 6.78384737e-07 1.32512695e-06
 3.17613413e-08 4.12347990e-07 4.01031940e-06 7.48593184e-07 8.40405119e-07
 5.65896187e-07 5.38539341e-06 2.47859065e-05 8.47139861e-07 5.23460614e-07
 4.98017289e-07 4.85241624e-06 4.14571709e-05 2.59588132e-05 1.08010241e-06
 1.15309946e-06 1.44846232e-07 1.19726683e-06 3.64793492e-06 2.38603620e-06
 2.87543808e-08 6.52012043e-07 1.88778576e-06 1.16958180e-07 5.33419569e-06
 8.81660670e-07 5.69739977e-07 6.35530336e-07 9.88462597e-07 2.43057261e-05
 2.54315666e-07 2.03489121e-07 3.99035753e-06 6.56305677e-07 5.93814449e-06
 9.52205232e-07 6.99879567e-06 8.85833995e-06 9.36884286e-07 2.95034717e-06
 1.17709580e-06 2.27045031e-05 2.44000693e-07 2.51775621e-05 4.15081063e-07
 2.52285848e-07 1.02361895e-06 4.24162499e-07 2.76040932e-06 3.39275800e-06
 1.14615605e-06 1.26799826e-07 2.13704251e-05 2.40377596e-07 3.35207286e-06
 1.70611698e-06 6.36264494e-06 1.27455597e-06 1.64911844e-04 7.49005581e-07
 2.02752822e-05 8.30817935e-07 4.58139261e-07 7.28794524e-06 2.08464436e-06
 8.27569932e-07 3.06585200e-06 3.15400471e-06 7.40794635e-08 1.17702578e-06
 7.00217477e-07 7.29952260e-08 8.74404733e-07 1.31770834e-06]
----------------------------------------------------------------------------------------------------
   Embed: 39      2.649946001586E+02      -2.951875E-02   1.65E-04  7.83E-05  2.052182E+02    
----------------------------------------------------------------------------------------------------
Norm of reidual density : 
[3.25178687e-05 3.24987653e-05 2.07846269e-05 1.12905568e-05 1.26361668e-05
 1.78393365e-05 5.57120664e-06 6.25107269e-06 5.59068443e-06 2.70743597e-05
 8.06892259e-06 1.22207669e-05 4.27455354e-06 1.61207203e-05 6.90853122e-06
 2.67388100e-06 2.07700111e-06 3.75251231e-06 1.76488050e-05 2.42912103e-06
 3.46161225e-06 3.24834734e-06 9.22144183e-06 9.59285645e-06 2.46512679e-06
 5.22443394e-06 4.46269709e-05 3.01101967e-05 9.05387180e-06 3.68681759e-06
 5.84246651e-06 6.28165742e-06 1.03164899e-05 4.17454666e-06 6.32343488e-06
 2.95610464e-06 4.64218907e-06 1.47079997e-05 6.38952317e-06 6.44309611e-06
 4.45717399e-06 1.62550523e-05 2.65870924e-05 8.40752580e-06 3.39945335e-06
 6.59568166e-06 1.40147553e-05 2.65747506e-05 3.44408835e-05 7.54823115e-06
 1.00211278e-05 2.10162558e-06 6.48459766e-06 1.34223805e-05 7.04459098e-06
 2.46618903e-06 5.93460810e-06 4.60780446e-06 3.27296587e-06 1.64363309e-05
 5.92880186e-06 7.47955238e-06 2.11329984e-06 5.35342585e-06 1.68609905e-05
 2.88293169e-06 1.46306576e-06 1.58994758e-05 2.98747213e-06 1.72304423e-05
 4.23295724e-06 1.52722442e-05 1.84163001e-05 6.22371845e-06 1.29730754e-05
 7.68318790e-06 3.78940804e-05 5.07088762e-06 3.15205645e-05 3.24308107e-06
 3.45773541e-06 3.61376463e-06 3.37641244e-06 1.03071858e-05 7.72107716e-06
 5.67183399e-06 2.24184197e-06 7.42671161e-05 3.87285909e-06 1.23927672e-05
 8.37094267e-06 1.81719126e-05 8.67764817e-06 9.52986938e-05 7.87354651e-06
 2.70662085e-05 8.54409611e-06 6.61150312e-06 1.97928263e-05 8.39398146e-06
 4.81392153e-06 1.13549892e-05 1.26171331e-05 1.07630233e-05 6.67764906e-06
 4.64751897e-06 3.64705713e-06 1.02672908e-06 5.02538248e-06]
Energy of reidual density : 
[2.26489369e-05 9.49748950e-05 8.93605393e-06 3.38703077e-06 2.94603424e-06
 6.84003065e-06 5.30257177e-07 9.76555283e-07 5.90818572e-07 1.97380255e-05
 1.30577805e-06 2.63993865e-06 5.47522761e-07 3.52282839e-06 1.08232636e-06
 2.00945488e-07 9.35968143e-08 2.38068353e-07 8.02491834e-06 1.56103959e-07
 2.27314452e-07 2.34633397e-07 2.14270943e-06 2.16163941e-06 1.41322147e-07
 6.80724699e-07 2.38282828e-05 1.64020647e-05 1.83153811e-06 2.41924184e-07
 8.16151808e-07 9.20004943e-07 2.55706062e-06 2.97305941e-07 9.47521492e-07
 2.30895832e-07 3.89466833e-07 4.83717775e-06 1.12913137e-06 9.34167383e-07
 6.29644347e-07 6.61252304e-06 1.49010107e-05 1.36073428e-06 2.75834155e-07
 1.07583695e-06 3.68787747e-06 1.72900646e-05 2.85224382e-05 1.30742528e-06
 1.30838440e-06 1.16307795e-07 9.46306043e-07 3.71272520e-06 1.01667771e-06
 1.20453928e-07 6.57007137e-07 2.92176108e-07 1.77378489e-07 6.69683603e-06
 9.93165817e-07 1.09315865e-06 8.30843099e-08 6.08493703e-07 6.17399764e-06
 1.56027599e-07 5.16924324e-08 6.39434654e-06 2.06597030e-07 5.75468681e-06
 3.96918035e-07 5.96069105e-06 7.84318852e-06 1.14975919e-06 3.19467439e-06
 1.16916213e-06 3.69227330e-05 5.15252257e-07 2.34386483e-05 2.82222966e-07
 2.40684451e-07 3.35407811e-07 1.62943359e-07 1.31324234e-06 1.11150587e-06
 8.35497629e-07 9.78078329e-08 9.60542409e-05 2.78051659e-07 3.89537174e-06
 1.55178721e-06 5.66997332e-06 1.68773920e-06 2.45123127e-04 1.65543593e-06
 1.99544446e-05 1.35763495e-06 6.75492820e-07 9.92850565e-06 1.39700408e-06
 5.38838381e-07 2.39482545e-06 3.45347619e-06 2.72466498e-06 1.31097374e-06
 5.30155570e-07 2.60685299e-07 2.43456797e-08 6.74005964e-07]
----------------------------------------------------------------------------------------------------
   Embed: 40      2.649459971517E+02      -4.860301E-02   2.45E-04  9.53E-05  2.101662E+02    
----------------------------------------------------------------------------------------------------
Norm of reidual density : 
[2.93247190e-05 3.29085498e-05 3.86097604e-06 3.60992822e-06 4.90152344e-06
 1.93811641e-05 4.20297034e-06 5.99211163e-06 5.03471292e-06 1.50551578e-05
 6.15482186e-06 8.48701980e-06 1.18637108e-06 1.78009676e-05 8.03639305e-06
 1.25947851e-06 1.82952024e-06 4.72625997e-06 1.37303835e-05 1.65022207e-06
 4.79216043e-06 5.47082068e-06 5.24661611e-06 6.18699298e-06 2.81264258e-06
 4.27922730e-06 1.34501149e-05 1.56977192e-05 7.44930014e-06 3.09650307e-06
 5.39009099e-06 8.61024049e-06 1.00563164e-05 9.21466949e-06 7.72746781e-06
 2.19555077e-06 3.36996506e-06 3.98857534e-06 1.78564656e-06 5.10273006e-06
 3.34348543e-06 1.22317338e-05 3.86765099e-05 5.87197467e-06 5.72470497e-06
 8.73126753e-06 1.74374502e-05 1.73806827e-05 6.25100802e-05 7.24400770e-06
 2.02918414e-05 3.15392378e-06 6.71061708e-06 8.86252755e-06 4.70772856e-06
 1.81612529e-06 6.43475319e-06 2.93361563e-06 2.61954693e-06 1.27922224e-05
 2.39770443e-06 5.98810719e-06 3.10523728e-06 5.33458732e-06 1.53783149e-05
 6.97799914e-07 1.09918068e-06 2.26919756e-05 2.77851806e-06 1.66063673e-05
 2.87239224e-06 5.90046221e-06 1.47885591e-05 4.54424769e-06 3.19917399e-06
 8.13369158e-06 1.90256149e-05 2.59587864e-06 3.23148567e-05 2.50569603e-06
 1.31068646e-06 3.63089867e-06 3.09361148e-06 5.32218721e-06 9.44391761e-06
 4.52679704e-06 2.90998558e-06 1.03169579e-05 1.16841758e-05 4.89935307e-06
 1.00725050e-05 1.62060605e-05 8.47216314e-06 7.80553336e-05 3.82999824e-06
 3.36861853e-05 5.20722801e-06 8.33604412e-06 2.27348405e-05 6.00287727e-06
 6.16993398e-06 1.10779133e-05 1.42350927e-05 7.40164963e-06 1.92520405e-06
 3.91229392e-06 4.13223329e-06 1.74431247e-06 1.90883950e-06]
Energy of reidual density : 
[1.83446940e-05 9.87012016e-05 3.13041507e-07 3.26573694e-07 3.90695636e-07
 8.19388958e-06 3.03368372e-07 8.91092499e-07 4.67468451e-07 6.87328338e-06
 1.10547001e-06 1.44003471e-06 1.98966055e-08 4.66591190e-06 1.43026743e-06
 4.41016308e-08 7.67816829e-08 5.23798855e-07 5.02435666e-06 6.42905963e-08
 4.92139609e-07 7.13682039e-07 6.85347858e-07 9.56261859e-07 1.74801286e-07
 3.81633224e-07 3.88973761e-06 3.83195159e-06 1.23275198e-06 2.24441597e-07
 7.79601609e-07 1.87355383e-06 2.47928387e-06 2.10338058e-06 1.46357856e-06
 1.20647696e-07 1.87640770e-07 3.09319935e-07 8.60261534e-08 5.80213296e-07
 2.61456214e-07 4.00894730e-06 3.53090628e-05 7.06859255e-07 6.36053281e-07
 1.64041792e-06 5.88170596e-06 6.53718137e-06 9.71469163e-05 1.20926126e-06
 8.45671526e-06 2.69213028e-07 7.20097432e-07 1.63515138e-06 4.15317072e-07
 7.75699362e-08 7.81679052e-07 1.22241932e-07 1.19483126e-07 3.81203607e-06
 1.67156331e-07 8.03840332e-07 2.12586498e-07 6.09305185e-07 4.73774211e-06
 1.08677307e-08 3.00970045e-08 1.11459639e-05 1.75745651e-07 5.13293339e-06
 1.40324809e-07 8.03872912e-07 4.12910333e-06 4.51438237e-07 1.53550557e-07
 1.33251393e-06 1.02684852e-05 1.22700016e-07 2.59459983e-05 1.83373469e-07
 3.55524164e-08 3.28767354e-07 2.19915726e-07 2.62093432e-07 1.71510283e-06
 5.23334536e-07 1.73753041e-07 1.35369316e-06 2.46737762e-06 4.95162844e-07
 2.55372459e-06 4.90940249e-06 1.49727852e-06 1.67306886e-04 4.21511653e-07
 3.08378959e-05 4.72225911e-07 1.17047872e-06 1.28896652e-05 9.30195246e-07
 8.70861849e-07 2.75958934e-06 4.01335986e-06 1.26653366e-06 9.20095981e-08
 2.33021104e-07 3.29751541e-07 7.08853182e-08 7.84568696e-08]
----------------------------------------------------------------------------------------------------
   Embed: 41      2.649906782913E+02      4.468114E-02    1.67E-04  7.81E-05  2.151286E+02    
----------------------------------------------------------------------------------------------------
Norm of reidual density : 
[1.72998482e-05 3.32611176e-05 4.02646913e-06 5.76325663e-06 3.16378588e-06
 1.54156702e-05 3.74647099e-06 7.17611011e-06 5.56806690e-06 1.46687448e-05
 3.11387684e-06 6.14835023e-06 1.47568263e-06 1.98358795e-05 6.71721845e-06
 2.11050587e-06 2.79762792e-06 4.52927572e-06 9.57105841e-06 9.17068145e-07
 4.64592530e-06 7.08961967e-06 3.29940476e-06 6.07130691e-06 2.30482221e-06
 4.36606569e-06 8.34217304e-06 1.02017583e-05 3.94667897e-06 3.09646813e-06
 5.50317469e-06 1.06180786e-05 9.68002813e-06 3.16948013e-06 7.05234993e-06
 1.09909749e-06 2.52818907e-06 4.29749878e-06 7.39412895e-07 3.25956061e-06
 1.84862290e-06 1.12871699e-05 4.84693248e-05 5.67959651e-06 5.46596872e-06
 9.85517382e-06 1.59711542e-05 1.42201566e-05 3.68779795e-05 6.88410176e-06
 1.48362614e-05 3.05643243e-06 6.64676137e-06 7.83319278e-06 2.31451370e-06
 1.31666558e-06 6.17782869e-06 2.55216790e-06 2.43846639e-06 8.26995060e-06
 2.22176044e-06 4.04654502e-06 1.59199716e-06 4.60248166e-06 5.59839396e-06
 5.18652830e-07 6.88287920e-07 2.22907746e-05 2.97566549e-06 1.65040018e-05
 3.43884501e-06 6.51379800e-06 7.99266349e-06 4.08614529e-06 1.80705586e-06
 8.44576198e-06 1.06982894e-05 1.36979511e-06 3.40989819e-05 1.64294443e-06
 1.11674699e-06 2.90852499e-06 3.63214992e-06 5.00250953e-06 2.85451150e-06
 1.58106793e-06 2.61572229e-06 1.14494606e-05 1.13751316e-05 3.11477577e-06
 5.64410917e-06 1.58425824e-05 8.17775063e-06 7.83634507e-05 1.71125817e-06
 3.34498035e-05 2.47309584e-06 5.98921000e-06 2.28873393e-05 6.67755737e-06
 5.75980922e-06 1.19004329e-05 1.96009142e-05 7.38453739e-06 1.28364879e-06
 3.13708736e-06 4.72685688e-06 1.12548321e-06 1.50096628e-06]
Energy of reidual density : 
[6.42044183e-06 1.03022345e-04 3.50398773e-07 7.66190558e-07 2.42713332e-07
 4.88148942e-06 2.53391031e-07 1.21034490e-06 5.73702271e-07 6.50284343e-06
 2.64593353e-07 5.20363446e-07 4.20655980e-08 5.94358764e-06 1.01549734e-06
 1.18110063e-07 1.76790275e-07 6.25129210e-07 2.52380720e-06 1.84250982e-08
 4.58330493e-07 1.19894827e-06 2.84673243e-07 9.60493192e-07 1.25655915e-07
 3.74264303e-07 1.20004407e-06 1.61488471e-06 3.23276392e-07 2.33714550e-07
 7.97226182e-07 2.56297324e-06 2.34945950e-06 1.70210450e-07 1.23044185e-06
 2.83914925e-08 1.23577270e-07 5.51685293e-07 1.19619828e-08 2.37738154e-07
 8.84170027e-08 3.30484530e-06 5.79465706e-05 6.86076536e-07 6.55403865e-07
 1.74828953e-06 5.18243008e-06 3.62834093e-06 3.40034513e-05 1.10830642e-06
 4.66531370e-06 2.59684170e-07 7.49687636e-07 1.52934058e-06 9.67124427e-08
 3.31433441e-08 7.60798693e-07 1.25090318e-07 1.15432051e-07 1.75901890e-06
 1.30018898e-07 3.71281574e-07 5.81052854e-08 4.45917452e-07 6.45637306e-07
 3.79982327e-09 1.34446068e-08 1.05576671e-05 1.96316418e-07 4.83023498e-06
 2.30494212e-07 8.55902206e-07 1.42310143e-06 4.15876599e-07 5.57147492e-08
 1.45545003e-06 3.35860320e-06 4.15587043e-08 2.92725637e-05 6.49736965e-08
 3.58797315e-08 1.99712101e-07 3.24396113e-07 2.94404621e-07 2.26539183e-07
 5.45678466e-08 1.36795798e-07 1.96974968e-06 2.24562684e-06 2.13302143e-07
 7.76444356e-07 6.14236042e-06 1.49287490e-06 1.52028817e-04 8.52941537e-08
 3.50600625e-05 1.02539668e-07 6.88904591e-07 1.30170816e-05 1.12249299e-06
 6.81046114e-07 3.53201688e-06 8.76547564e-06 1.31046303e-06 5.24711931e-08
 2.56109796e-07 4.17545379e-07 2.94180388e-08 4.23454314e-08]
----------------------------------------------------------------------------------------------------
   Embed: 42      2.649706604137E+02      -2.001788E-02   1.52E-04  7.84E-05  2.200584E+02    
----------------------------------------------------------------------------------------------------
Norm of reidual density : 
[3.15303195e-05 3.52325282e-05 9.76815303e-06 4.45017838e-06 2.30094992e-06
 8.16557359e-06 8.94241809e-06 8.07993711e-06 8.95319536e-06 1.57327415e-05
 5.37808488e-06 2.64463805e-06 2.43105420e-06 2.31922091e-05 5.56818769e-06
 3.53006945e-06 4.40470906e-06 4.56653560e-06 5.28834166e-06 1.12981595e-06
 4.86374362e-06 5.21160454e-06 3.13214479e-06 6.92478997e-06 1.54785336e-06
 6.39374990e-06 7.71006530e-06 1.07931226e-05 3.65063546e-06 3.14766272e-06
 3.86674470e-06 1.04331812e-05 9.40510758e-06 2.92412452e-06 7.76149202e-06
 1.59995973e-06 1.51715568e-06 3.96618761e-06 7.06788918e-07 1.82911821e-06
 1.12695056e-06 1.19953221e-05 2.89051928e-05 6.83109006e-06 2.43216647e-05
 1.00180169e-05 1.87823513e-05 1.26171927e-05 6.57815306e-06 7.55917548e-06
 1.83460358e-05 2.25489945e-06 5.85727231e-06 1.04946034e-05 1.56251106e-06
 9.08505447e-07 3.31123323e-06 3.47943690e-06 3.88327958e-06 1.58641103e-05
 2.42160647e-06 6.17027469e-06 2.00841731e-06 2.28614219e-06 4.37047620e-06
 1.39275436e-06 4.61369721e-06 2.61761555e-05 2.57646652e-06 1.50006603e-05
 2.10189596e-06 6.77989181e-06 6.12651705e-06 2.58751174e-06 1.21904299e-06
 7.81556851e-06 6.08563448e-06 1.22851614e-06 1.96940165e-05 1.22186336e-06
 9.63244170e-07 4.36574978e-06 3.75859284e-06 1.66311292e-06 2.28992741e-06
 2.28576228e-06 3.92482307e-06 8.90863835e-06 1.15804538e-05 2.63016892e-06
 3.58992873e-06 1.42488611e-05 8.47280107e-06 1.01799501e-05 1.97071821e-06
 3.55961142e-05 1.71790093e-06 6.73647911e-06 1.66225721e-05 6.69567302e-06
 8.97706544e-06 1.65671794e-05 2.03624816e-05 6.46020864e-06 3.57320475e-06
 3.14170879e-06 4.23142075e-06 1.21907793e-06 1.04788805e-06]
Energy of reidual density : 
[2.28701645e-05 1.16226213e-04 2.08023411e-06 4.18025440e-07 8.73505495e-08
 1.28536114e-06 1.36540429e-06 1.57314019e-06 1.67981162e-06 6.64163104e-06
 5.15856788e-07 1.24096892e-07 1.21650723e-07 8.37839935e-06 7.36296727e-07
 3.38644764e-07 4.58918607e-07 5.27148541e-07 7.19549005e-07 2.91301567e-08
 4.83290789e-07 6.49945636e-07 2.49112337e-07 1.22373807e-06 4.76557511e-08
 8.55147071e-07 1.28267984e-06 1.58975696e-06 2.79834679e-07 2.40171440e-07
 3.98207564e-07 2.41360933e-06 2.21346037e-06 1.90069119e-07 1.51916295e-06
 4.29884537e-08 3.12826776e-08 4.55696307e-07 1.37875541e-08 7.75434216e-08
 3.14004103e-08 3.77026000e-06 1.80571191e-05 1.07298908e-06 1.15393730e-05
 1.90265263e-06 7.14904849e-06 2.85409754e-06 7.12300615e-07 1.34257216e-06
 6.09671398e-06 1.20837157e-07 4.44587607e-07 2.15694290e-06 5.57687150e-08
 1.61688261e-08 2.28780266e-07 2.26999122e-07 3.00728992e-07 6.76046428e-06
 1.78029378e-07 6.78119793e-07 1.05822372e-07 1.07215258e-07 4.20123364e-07
 4.77621660e-08 5.25877463e-07 1.38142422e-05 1.33201583e-07 4.34192388e-06
 1.04247199e-07 9.49930537e-07 8.06308364e-07 1.70675615e-07 3.48986845e-08
 1.25236222e-06 1.10232819e-06 4.41109096e-08 9.56791955e-06 4.77991158e-08
 2.54747873e-08 3.69485497e-07 4.22763386e-07 4.06419558e-08 9.46959447e-08
 1.19930719e-07 3.53373011e-07 1.31118570e-06 2.37947125e-06 1.15541036e-07
 2.72034196e-07 4.57669643e-06 1.70900650e-06 1.88598540e-06 1.08518022e-07
 4.08189535e-05 6.84317257e-08 1.01737658e-06 5.31394555e-06 1.19781274e-06
 1.34646153e-06 7.29269207e-06 1.04669971e-05 1.03949490e-06 3.02746485e-07
 2.64919873e-07 3.47347398e-07 3.79742544e-08 2.62559957e-08]
----------------------------------------------------------------------------------------------------
   Embed: 43      2.649436587592E+02      -2.700165E-02   1.16E-04  3.56E-05  2.250047E+02    
----------------------------------------------------------------------------------------------------
Norm of reidual density : 
[4.67501283e-05 3.48518682e-05 4.51510997e-06 4.43089992e-06 2.19126467e-06
 6.99233230e-06 9.64446203e-06 7.85634861e-06 7.60856249e-06 1.49166158e-05
 2.11104028e-06 6.02840910e-06 3.43548025e-06 1.14293550e-05 7.31464835e-06
 2.55255417e-06 4.18322379e-06 3.14727275e-06 2.35158000e-06 9.90140928e-07
 4.45860986e-06 6.72042816e-06 1.38929560e-06 4.88098390e-06 1.20439715e-06
 6.05258632e-06 7.47604869e-06 1.39818925e-05 4.34734133e-06 3.09200105e-06
 4.48340208e-06 9.39421483e-06 9.31924957e-06 5.90032677e-06 9.95571517e-06
 1.02295780e-06 2.46004370e-06 3.39875918e-06 8.93705071e-07 6.81280537e-07
 3.38363006e-06 8.97586926e-06 1.83690002e-05 6.61064028e-06 1.74410255e-05
 8.80117270e-06 1.43547967e-05 1.11416186e-05 3.15961316e-06 6.12244144e-06
 9.71430708e-06 3.59608465e-06 5.36626497e-06 1.08132149e-05 1.70134219e-06
 2.07906319e-06 3.06437570e-06 4.25271052e-06 3.16830088e-06 1.38453748e-05
 3.39551053e-06 5.52717403e-06 1.93792218e-06 2.08871588e-06 2.19148263e-06
 6.21002189e-07 3.55881887e-06 2.89602626e-05 2.87152044e-06 1.79603458e-05
 3.34081663e-06 6.83430538e-06 5.91498585e-06 1.91060977e-06 7.58873497e-07
 8.05569800e-06 1.76449402e-06 1.29629143e-06 1.33681309e-05 6.22508193e-07
 1.75290461e-06 2.32480524e-06 3.36968350e-06 1.48348035e-06 1.52275773e-06
 2.69378810e-06 4.06169570e-06 1.41026081e-05 1.14436419e-05 2.94704952e-06
 2.40313051e-06 1.20985510e-05 1.32744102e-05 5.83107907e-06 1.55022384e-06
 4.98339430e-05 9.32505247e-07 8.50927841e-06 1.56207869e-05 7.07166343e-06
 1.02254567e-05 9.92156568e-06 3.00406798e-05 5.66603124e-06 2.71638313e-06
 3.15852888e-06 5.91913312e-06 1.52928188e-06 6.76571404e-07]
Energy of reidual density : 
[4.69021862e-05 1.03724777e-04 3.51854805e-07 4.08893648e-07 8.51617096e-08
 9.45140809e-07 1.68983685e-06 1.44494199e-06 1.27416938e-06 5.47993192e-06
 1.17299743e-07 6.60629138e-07 2.45429245e-07 1.90326519e-06 1.17462313e-06
 1.64576959e-07 3.84583182e-07 2.37097749e-07 1.04137190e-07 2.47605332e-08
 4.46148185e-07 1.13099812e-06 4.13276378e-08 5.48379071e-07 3.66155982e-08
 7.83006385e-07 1.19796891e-06 2.72347969e-06 4.50554937e-07 2.37425055e-07
 5.02719616e-07 1.90237145e-06 2.16746528e-06 7.88013459e-07 2.64134164e-06
 1.40051028e-08 1.10351470e-07 3.35262106e-07 1.58680926e-08 9.34481149e-09
 1.79484171e-07 2.12460563e-06 6.47122854e-06 1.01885264e-06 5.87867361e-06
 1.68482851e-06 4.60403287e-06 2.16265665e-06 1.57187012e-07 6.62633115e-07
 2.13366089e-06 2.82587649e-07 4.08039800e-07 2.19921902e-06 7.64892229e-08
 8.72534116e-08 2.45680749e-07 2.98610420e-07 2.13019883e-07 5.02642436e-06
 2.81552054e-07 5.46973517e-07 9.19397957e-08 9.12812195e-08 9.90891246e-08
 1.05769158e-08 2.90791256e-07 1.77822915e-05 1.66567621e-07 6.95829505e-06
 2.03336379e-07 9.20572810e-07 7.27638563e-07 9.95401696e-08 1.46838250e-08
 1.30725060e-06 9.20183365e-08 5.37368231e-08 3.72039444e-06 7.74656109e-09
 7.09728280e-08 1.04613897e-07 2.87840651e-07 4.54925499e-08 5.76305570e-08
 1.87872150e-07 4.36977949e-07 3.20027465e-06 2.33409283e-06 1.42291848e-07
 1.72297898e-07 3.08618372e-06 3.53427243e-06 6.98453963e-07 5.34914209e-08
 6.57682718e-05 2.27389312e-08 1.47690292e-06 5.29489464e-06 1.36941768e-06
 1.76385223e-06 2.87002063e-06 2.28206821e-05 8.14439377e-07 1.70169560e-07
 2.61523561e-07 7.09760805e-07 6.20840254e-08 1.06681740e-08]
----------------------------------------------------------------------------------------------------
   Embed: 44      2.649219249147E+02      -2.173384E-02   1.04E-04  4.98E-05  2.299720E+02    
----------------------------------------------------------------------------------------------------
Norm of reidual density : 
[3.26785711e-05 3.27968754e-05 3.84695231e-06 4.57527565e-06 1.52942097e-06
 5.29495463e-06 8.93853307e-06 9.04249093e-06 6.85347237e-06 2.20178278e-05
 2.06273177e-06 5.32408072e-06 3.57996805e-06 2.86941915e-05 7.14725469e-06
 2.28766910e-06 5.30841627e-06 1.73834406e-06 2.39738595e-06 8.33205764e-07
 4.29619019e-06 8.17823239e-06 1.09337210e-06 5.27653874e-06 1.62896173e-06
 6.07568961e-06 6.95649973e-06 2.96603804e-06 3.28479859e-06 3.87409290e-06
 3.38910939e-06 8.18141120e-06 9.48178077e-06 4.76701477e-06 5.23406840e-06
 1.71038575e-06 2.92134980e-06 3.43695533e-06 3.69404224e-07 2.92418904e-07
 2.20088752e-06 2.85622332e-06 1.45033572e-05 6.56148449e-06 1.85954482e-05
 8.80595029e-06 1.19634150e-05 1.06562654e-05 2.05440913e-06 5.85131283e-06
 8.78509599e-06 2.26499405e-06 3.80315448e-06 9.59364794e-06 1.49325617e-06
 1.31527436e-06 2.52042463e-06 5.30003013e-06 3.81367456e-06 1.37768576e-05
 6.21188690e-06 6.10779612e-06 1.55361759e-06 2.04884087e-06 2.33650232e-06
 5.72612641e-07 5.92991110e-06 3.12343595e-05 2.79630885e-06 1.87927602e-05
 4.50538968e-06 6.83213546e-06 1.43313300e-06 2.62777055e-06 6.78622058e-07
 8.22301981e-06 1.09761924e-06 1.39208644e-06 1.83823811e-05 6.68505501e-07
 1.51236789e-06 2.53569681e-06 2.96463348e-06 1.20007135e-06 2.13610215e-06
 2.88595625e-06 4.23267000e-06 1.91246106e-05 1.02321173e-05 3.04194647e-06
 1.43607178e-06 6.98071683e-06 7.96528872e-06 1.99200258e-06 1.13630818e-06
 4.34083973e-05 1.08567554e-06 4.35955104e-06 1.31907587e-05 7.66832110e-06
 5.18352748e-06 1.47069866e-05 5.09013327e-06 8.30631797e-06 2.94805061e-06
 4.14387028e-06 5.27969578e-06 1.48111454e-06 8.04827559e-07]
Energy of reidual density : 
[2.52027203e-05 9.15832583e-05 3.22502226e-07 4.28519460e-07 5.31723195e-08
 5.05437577e-07 1.39640943e-06 2.04426177e-06 1.01909476e-06 8.38253940e-06
 1.10914466e-07 4.82544737e-07 2.60052616e-07 1.44303960e-05 1.11846067e-06
 1.33504814e-07 4.73375191e-07 5.58537457e-08 1.49018522e-07 1.65339503e-08
 4.34092155e-07 1.70118293e-06 2.27056069e-08 5.26156618e-07 5.71880665e-08
 8.12248259e-07 7.89474474e-07 1.40347286e-07 2.94954086e-07 3.25163491e-07
 3.43088709e-07 1.54149496e-06 2.15627068e-06 4.73790548e-07 6.06283140e-07
 4.37605482e-08 1.29486685e-07 3.40786815e-07 3.57083850e-09 2.48661380e-09
 8.67474639e-08 1.51069929e-07 4.42111248e-06 9.77090102e-07 6.76555004e-06
 1.40843772e-06 3.59068417e-06 1.98620281e-06 6.78966119e-08 6.73406666e-07
 1.73629356e-06 1.39836938e-07 2.68480539e-07 1.61254984e-06 5.10991304e-08
 3.27757066e-08 1.68077166e-07 4.69262618e-07 3.12452152e-07 5.00742698e-06
 9.53289012e-07 7.16849669e-07 5.55997009e-08 9.39150564e-08 1.14669666e-07
 7.63975715e-09 7.26214888e-07 2.08360180e-05 1.67081120e-07 6.71836033e-06
 3.73373658e-07 9.67985445e-07 2.72123615e-08 1.51271783e-07 1.20175023e-08
 1.33375923e-06 3.66756987e-08 5.93835370e-08 5.15286826e-06 1.23862501e-08
 4.72731050e-08 1.49313386e-07 2.86685457e-07 2.98774131e-08 1.13079089e-07
 2.11084259e-07 4.18748979e-07 5.88988884e-06 1.80770252e-06 1.72931313e-07
 4.06323717e-08 9.11977908e-07 1.70699688e-06 8.19942150e-08 2.19339605e-08
 4.79933941e-05 2.37632200e-08 5.12294714e-07 4.32881945e-06 1.60627238e-06
 5.77520677e-07 6.13839841e-06 7.69361276e-07 1.66996938e-06 2.08456942e-07
 3.91195973e-07 5.46670964e-07 6.79296617e-08 1.83433101e-08]
----------------------------------------------------------------------------------------------------
   Embed: 45      2.649295730594E+02      7.648145E-03    9.16E-05  4.34E-05  2.349717E+02    
----------------------------------------------------------------------------------------------------
Norm of reidual density : 
[3.80512749e-05 3.01773277e-05 1.74665818e-06 4.67222998e-06 1.00030979e-06
 3.10045413e-06 8.41004320e-06 5.98994304e-06 6.31523843e-06 5.77987140e-06
 2.21176594e-06 3.48836493e-06 4.52299850e-06 1.18199032e-05 7.36843646e-06
 2.46817163e-06 5.38004252e-06 3.45352787e-06 1.09550415e-06 8.29793180e-07
 3.27788501e-06 8.92527462e-06 1.09525304e-06 3.62059954e-06 2.45706689e-06
 5.67461473e-06 4.02493754e-06 5.54866161e-06 2.23884452e-06 3.77444220e-06
 2.57667294e-06 2.64789551e-06 9.56089558e-06 1.04682840e-05 3.67642232e-06
 1.24274078e-06 1.96912878e-06 2.52127309e-06 9.40338699e-07 8.23901896e-07
 1.54086350e-06 3.74469012e-06 9.89433180e-06 6.63761211e-06 1.63355851e-05
 8.51917441e-06 9.48171872e-06 1.00610649e-05 1.59749669e-06 3.25809854e-06
 8.61760837e-06 1.95752440e-06 1.68014417e-06 5.50759795e-06 2.97425860e-06
 2.12694265e-06 1.98692369e-06 1.09901152e-05 3.44564360e-06 1.58944505e-05
 2.67929768e-06 6.34874258e-06 9.55538757e-07 9.60652088e-07 2.55400302e-06
 8.09205577e-07 5.14330119e-06 1.29304124e-05 2.62309700e-06 1.12906293e-05
 7.16875981e-06 7.00051321e-06 2.97406626e-06 2.44457515e-06 8.37093810e-07
 7.70161016e-06 2.89308349e-06 2.93082510e-06 4.79575220e-06 9.08681660e-07
 1.26932200e-06 3.08598481e-06 2.88395836e-06 4.76571445e-07 2.60692853e-06
 3.12499754e-06 3.08778710e-06 2.32795118e-05 8.62663269e-06 2.29208801e-06
 1.53669704e-06 6.83597201e-06 6.41251875e-06 3.06968897e-06 4.72955383e-07
 1.97602147e-05 3.81412793e-06 5.56695883e-06 1.42553684e-05 6.74004905e-06
 5.97000145e-06 1.64685023e-05 8.65391374e-06 8.09767164e-06 2.05669513e-06
 7.02820257e-06 2.49554935e-06 1.36725442e-06 2.99142078e-06]
Energy of reidual density : 
[3.28194406e-05 7.24520363e-05 6.28599694e-08 4.42200150e-07 1.98623095e-08
 1.84415993e-07 1.37820831e-06 8.93326643e-07 8.54184115e-07 7.36068868e-07
 1.31650230e-07 2.10823335e-07 4.30185708e-07 2.07954945e-06 1.24014391e-06
 1.41715338e-07 5.83334783e-07 2.64848326e-07 2.83628420e-08 1.68334327e-08
 2.53058495e-07 1.97120987e-06 3.63254064e-08 2.15628774e-07 1.32579752e-07
 7.32730310e-07 2.69403647e-07 3.73543335e-07 1.29139829e-07 3.32782170e-07
 1.68538611e-07 1.70227519e-07 2.22998271e-06 2.79496134e-06 2.81930661e-07
 2.62635455e-08 7.56874146e-08 1.84595740e-07 1.93585914e-08 1.35820879e-08
 3.55452718e-08 2.52766781e-07 2.05217706e-06 1.04958885e-06 5.17711787e-06
 1.28603034e-06 2.45877184e-06 1.81870819e-06 6.05472021e-08 2.65779616e-07
 1.64776596e-06 9.20571766e-08 4.81026225e-08 6.54791640e-07 2.31376794e-07
 1.02852950e-07 9.93232020e-08 2.10797957e-06 2.46979909e-07 6.87376531e-06
 2.05378881e-07 7.44468618e-07 2.57317333e-08 1.98635912e-08 1.32194819e-07
 1.67677775e-08 6.00258577e-07 3.01930718e-06 1.43042661e-07 2.37358497e-06
 8.97389211e-07 1.08697259e-06 1.29735294e-07 1.27983371e-07 1.79440575e-08
 1.00337092e-06 2.01088043e-07 2.01731252e-07 2.18317589e-07 1.79775744e-08
 4.80834249e-08 1.93918104e-07 1.98087384e-07 4.31493980e-09 1.68744598e-07
 2.44529970e-07 2.16981703e-07 8.62730572e-06 1.36671565e-06 8.81395153e-08
 4.99358157e-08 6.88664516e-07 9.94679675e-07 1.63089347e-07 4.09003617e-09
 5.93330796e-06 2.53691157e-07 7.81654172e-07 4.86457465e-06 1.09312591e-06
 7.14726718e-07 8.40445410e-06 2.10424047e-06 1.63269775e-06 1.01725957e-07
 9.30133056e-07 1.21126287e-07 5.87069107e-08 2.24713368e-07]
----------------------------------------------------------------------------------------------------
   Embed: 46      2.649181080985E+02      -1.146496E-02   7.25E-05  3.81E-05  2.399352E+02    
----------------------------------------------------------------------------------------------------
Norm of reidual density : 
[3.14101784e-05 4.19853925e-05 1.33373981e-06 4.57224388e-06 1.67643960e-06
 4.02572598e-06 8.30053123e-06 3.32028811e-06 6.53249377e-06 1.32392008e-06
 2.34757976e-06 2.35659924e-06 5.83493151e-06 8.90518019e-06 7.75914264e-06
 1.61118454e-06 7.26365173e-06 3.34739678e-06 5.85283244e-07 7.50285205e-07
 1.54252748e-06 9.89341147e-06 4.45702794e-07 5.02205551e-06 2.86400143e-06
 5.77217769e-06 3.11229660e-06 1.33455972e-06 3.14436136e-06 4.68040990e-06
 2.64505834e-06 1.64507767e-06 9.50366242e-06 7.26255279e-06 3.61335087e-06
 1.17941222e-06 2.57205152e-06 2.35187330e-06 1.57594398e-06 8.88892466e-07
 2.63959173e-06 2.10695677e-06 2.72565438e-06 5.90960765e-06 1.63348748e-05
 8.87775095e-06 8.07511754e-06 4.24653044e-06 9.89337438e-07 2.92051180e-06
 8.68288316e-06 2.30934689e-06 1.05282661e-06 2.90941644e-06 3.15939964e-06
 2.21920333e-06 1.83841654e-06 1.55746063e-05 3.01709468e-06 1.96779189e-05
 2.63722871e-06 8.62426460e-06 8.25831535e-07 7.11041799e-07 4.73545914e-06
 1.22066712e-06 7.59730612e-06 7.97307317e-06 1.60820800e-06 9.42619816e-06
 8.84828604e-06 8.85186099e-06 3.31704112e-06 1.47983231e-06 6.35840548e-07
 7.44684164e-06 2.37453961e-06 5.25315893e-06 1.45580254e-06 5.60560450e-07
 8.41634469e-07 2.84539638e-06 2.94477598e-06 5.60031089e-07 7.10110403e-06
 3.69917129e-06 3.21017537e-06 3.17837947e-05 7.83740299e-06 2.28575931e-06
 1.59057199e-06 4.60396070e-06 6.64977044e-06 4.26474441e-06 1.26062390e-06
 1.94127089e-05 3.89875352e-06 5.33989461e-06 1.17042673e-05 6.47616729e-06
 6.12561769e-06 6.33724657e-06 3.68554378e-06 3.42550570e-06 1.91512021e-06
 4.19572201e-06 2.51383539e-06 1.34077228e-06 1.30102693e-06]
Energy of reidual density : 
[2.29416791e-05 1.38938078e-04 4.90151090e-08 4.22501890e-07 7.46490489e-08
 3.44076969e-07 1.28336544e-06 2.35749721e-07 9.04198659e-07 3.62265880e-08
 1.47260381e-07 6.89668927e-08 7.80900203e-07 1.23705295e-06 1.44209184e-06
 5.03340207e-08 1.24431637e-06 2.25185669e-07 3.64907399e-09 1.27469095e-08
 5.11000370e-08 2.41171140e-06 4.25889626e-09 6.60934820e-07 1.77213310e-07
 7.66916101e-07 1.68095189e-07 2.83497807e-08 1.99357283e-07 5.58234542e-07
 1.87085359e-07 7.79593778e-08 2.23595725e-06 9.29206556e-07 2.69360468e-07
 2.00404366e-08 1.39290317e-07 1.66062953e-07 5.17115091e-08 1.83878662e-08
 1.30860228e-07 6.86606146e-08 1.41609822e-07 8.95990079e-07 5.22689763e-06
 1.37631333e-06 1.62030643e-06 4.23184920e-07 2.59337592e-08 2.06316679e-07
 1.65483661e-06 1.32888001e-07 2.32381735e-08 1.64229921e-07 2.27264191e-07
 9.31568189e-08 8.20714423e-08 4.20598130e-06 1.88961104e-07 1.00014084e-05
 1.89009891e-07 1.58057625e-06 1.45423655e-08 1.06627122e-08 4.19949052e-07
 3.23936474e-08 1.20870353e-06 1.10348943e-06 5.79632050e-08 1.87339095e-06
 1.33251705e-06 2.04225643e-06 1.94645092e-07 5.32315797e-08 7.02963849e-09
 9.48193947e-07 1.41037755e-07 5.30514754e-07 6.44198014e-08 7.53631843e-09
 2.20696413e-08 1.65243535e-07 1.97748170e-07 6.35605512e-09 9.41210658e-07
 3.44571521e-07 2.16628628e-07 1.58380220e-05 1.16369093e-06 1.00998824e-07
 6.51681299e-08 6.11072395e-07 1.09274847e-06 4.30196752e-07 3.72473254e-08
 6.60490665e-06 3.04414837e-07 6.98575171e-07 2.86142712e-06 9.33680417e-07
 7.19195697e-07 9.09240731e-07 3.54095931e-07 2.23375502e-07 7.81439846e-08
 3.34034802e-07 1.24810701e-07 4.07681994e-08 4.43217324e-08]
----------------------------------------------------------------------------------------------------
   Embed: 47      2.649230023802E+02      4.894282E-03    1.39E-04  4.20E-05  2.448850E+02    
----------------------------------------------------------------------------------------------------
Norm of reidual density : 
[2.27389174e-05 5.28714310e-05 1.66837538e-06 5.87163564e-06 1.95891505e-06
 3.65799352e-06 7.00491969e-06 3.14016155e-06 1.03449426e-05 2.43868865e-06
 2.14597714e-06 1.31357224e-06 5.73141832e-06 6.64735161e-06 7.41370238e-06
 2.05583988e-06 7.97076865e-06 3.25070921e-06 7.87510014e-07 7.58282150e-07
 1.61413649e-06 5.93135743e-06 2.51171598e-07 4.00554297e-06 3.22879942e-06
 5.79491140e-06 4.01004921e-06 8.67707522e-07 2.39185643e-06 4.94134650e-06
 3.26399232e-06 9.20137481e-07 9.05810186e-06 6.25895787e-06 2.83575329e-06
 1.31550961e-06 2.84008932e-06 2.06277721e-06 1.79609480e-06 9.79515291e-07
 3.88201319e-06 2.63899633e-06 1.18401604e-06 5.61692087e-06 6.76197718e-06
 9.23503764e-06 5.03859905e-06 1.94598967e-06 1.20234833e-06 2.67976356e-06
 8.54696121e-06 2.15241695e-06 8.05732041e-07 8.68872902e-07 3.46747276e-06
 2.34773725e-06 1.72518363e-06 1.86645853e-05 1.14426130e-06 1.83357747e-05
 1.69825064e-06 9.94801013e-06 9.53547388e-07 5.14953422e-07 5.66674142e-06
 2.17477658e-06 7.01142161e-06 1.86613065e-06 1.34186342e-06 9.51200428e-06
 7.02181745e-06 9.65447186e-06 2.29925831e-06 2.11827409e-06 7.43475587e-07
 5.30483374e-06 1.47145080e-06 6.14841904e-06 6.21779873e-07 6.44950559e-07
 1.29067112e-06 2.13848473e-06 3.39568658e-06 4.85361817e-07 9.30645530e-06
 4.14940876e-06 5.16136986e-06 4.18232927e-05 6.96670301e-06 3.48459233e-06
 1.71767546e-06 3.48045411e-06 6.46457360e-06 8.17622892e-06 1.45310379e-06
 1.24966959e-05 3.91039777e-06 2.15039763e-06 1.08005591e-05 6.55414285e-06
 5.93746831e-06 2.36580875e-06 9.60902332e-07 3.03725296e-06 2.64467753e-06
 3.17563490e-06 3.33330777e-06 1.24993258e-06 1.16225004e-06]
Energy of reidual density : 
[1.35647338e-05 2.24610510e-04 5.05537455e-08 8.35228489e-07 1.01106702e-07
 2.71981060e-07 9.67327588e-07 2.06168959e-07 2.39674542e-06 1.16274699e-07
 1.16410080e-07 2.91804267e-08 7.80423705e-07 6.98131339e-07 1.30137432e-06
 7.48354164e-08 1.56348868e-06 2.26572003e-07 1.13209920e-08 1.02166861e-08
 5.54094352e-08 8.29329432e-07 1.10993646e-09 4.47637513e-07 2.28790268e-07
 7.86107982e-07 2.37490757e-07 1.09033150e-08 1.03878913e-07 6.31325002e-07
 2.74546824e-07 2.32675191e-08 1.99371308e-06 7.42031542e-07 1.56758425e-07
 2.16999597e-08 1.76462871e-07 1.33553819e-07 6.79427226e-08 2.77516192e-08
 2.91790746e-07 1.05233005e-07 2.39426615e-08 8.46007040e-07 8.72388447e-07
 1.38711761e-06 5.82487063e-07 9.19263681e-08 4.23439803e-08 1.94308278e-07
 1.54303499e-06 1.18448351e-07 1.24666981e-08 1.27502095e-08 2.84353290e-07
 1.07029700e-07 6.66900293e-08 6.01088080e-06 3.28931608e-08 8.68205533e-06
 5.57322872e-08 2.26222979e-06 2.50108760e-08 4.93661191e-09 5.73679568e-07
 8.61049684e-08 1.01485497e-06 5.54024474e-08 4.21620473e-08 2.07138886e-06
 8.38884344e-07 2.63790283e-06 8.88965896e-08 1.10198977e-07 9.87664985e-09
 4.73373878e-07 5.50904768e-08 7.73328974e-07 1.13927154e-08 1.02533008e-08
 4.53682601e-08 1.05152999e-07 3.11941218e-07 5.44227045e-09 1.63395746e-06
 4.23420074e-07 5.67915780e-07 2.74878963e-05 9.60340944e-07 2.40667021e-07
 7.37760590e-08 1.67067103e-07 1.06566813e-06 1.59708312e-06 5.14728449e-08
 2.65383459e-06 3.38248179e-07 1.30094483e-07 2.56361831e-06 1.11576895e-06
 6.56601884e-07 5.68344446e-08 1.54264333e-08 1.82970287e-07 1.41265137e-07
 2.15155850e-07 2.25255283e-07 3.56800864e-08 3.51006534e-08]
----------------------------------------------------------------------------------------------------
   Embed: 48      2.649186011260E+02      -4.401254E-03   2.25E-04  5.29E-05  2.498484E+02    
----------------------------------------------------------------------------------------------------
Norm of reidual density : 
[2.08854547e-05 6.22775953e-05 1.11458988e-06 5.32708939e-06 2.34591392e-06
 1.47449843e-06 5.39001103e-06 3.42261813e-06 3.74061388e-06 2.07928837e-06
 2.21937422e-06 1.71403602e-06 5.94537261e-06 4.78524946e-06 5.96462639e-06
 2.50316616e-06 6.21016596e-06 1.91281931e-06 6.92178925e-07 7.98999941e-07
 8.44961989e-07 6.11623720e-06 3.41494541e-07 3.67526163e-06 3.17364061e-06
 6.03038358e-06 1.66039434e-06 3.47253087e-07 1.78973327e-06 2.88844026e-06
 3.26488950e-06 5.60405773e-07 1.09777110e-05 7.84274009e-06 3.50891938e-06
 3.64029220e-06 2.74861345e-06 1.32788785e-06 2.24416779e-06 1.34460162e-06
 4.29219965e-06 2.58302712e-06 6.55894298e-07 2.79162910e-06 6.89634709e-06
 8.97807166e-06 6.16229390e-06 2.44908734e-06 7.07350690e-07 9.95348244e-07
 7.86259878e-06 2.19337746e-06 5.62658358e-07 6.29066576e-07 3.38761997e-06
 3.04640875e-06 1.57574888e-06 1.81032525e-05 1.40772816e-06 1.90298413e-05
 2.01783183e-06 8.59705237e-06 6.67708532e-07 5.87112356e-07 5.50739416e-06
 2.39124262e-06 7.58611704e-06 1.39123171e-06 1.19542023e-06 9.16340991e-06
 6.45921819e-06 8.88520850e-06 2.24972989e-06 1.08854571e-06 4.45764024e-07
 4.55554104e-06 2.17475651e-06 3.20122586e-06 2.44383900e-07 9.35737889e-07
 1.50162504e-06 2.30305599e-06 3.27004253e-06 4.51249106e-07 9.55149370e-06
 4.69652962e-06 6.26867327e-06 5.13212133e-05 6.59181199e-06 3.13083375e-06
 1.48220264e-06 2.79476352e-06 5.88319254e-06 1.08707259e-05 1.96368474e-06
 6.03809586e-06 3.79648214e-06 2.21743350e-06 1.18297049e-05 4.42712948e-06
 6.00331160e-06 8.16193069e-07 7.21906503e-07 2.82233232e-06 2.61291929e-06
 1.35674638e-06 2.10926819e-06 1.17341585e-06 1.47780044e-06]
Energy of reidual density : 
[1.12577154e-05 3.10958880e-04 2.88002883e-08 6.42031382e-07 1.41074587e-07
 5.33784409e-08 6.77700927e-07 2.49840641e-07 3.18136729e-07 8.69183441e-08
 1.33685351e-07 4.68545498e-08 8.66671798e-07 3.60697855e-07 8.51139743e-07
 1.13603752e-07 9.19955866e-07 7.66899857e-08 9.21992184e-09 9.38911863e-09
 1.43354396e-08 8.66847020e-07 2.27721369e-09 3.68948077e-07 2.22796728e-07
 8.44937413e-07 3.30292006e-08 1.50268835e-09 7.83680655e-08 1.85551719e-07
 2.83589360e-07 8.72931076e-09 2.67658778e-06 1.33503682e-06 3.28615339e-07
 2.96484857e-07 1.67781599e-07 4.46257691e-08 1.08765354e-07 5.54076290e-08
 3.23012187e-07 1.06271066e-07 6.69634996e-09 2.16603256e-07 8.25873936e-07
 9.75708222e-07 9.26077372e-07 6.06629507e-08 1.33339468e-08 2.75010077e-08
 1.21947952e-06 1.34302189e-07 7.60744335e-09 8.76140726e-09 2.65655994e-07
 2.11665671e-07 4.35781221e-08 5.47330734e-06 3.95824263e-08 9.17109624e-06
 7.11901189e-08 1.82612747e-06 5.44379219e-09 8.96664099e-09 5.27306867e-07
 1.01771072e-07 1.18986574e-06 4.13120834e-08 4.00811920e-08 2.00222056e-06
 7.14534733e-07 2.23368203e-06 1.02073059e-07 2.63657635e-08 3.07497932e-09
 3.67288205e-07 1.59042256e-07 2.53163527e-07 1.15096652e-09 1.94834760e-08
 5.91473767e-08 1.17124463e-07 3.18766547e-07 5.12182787e-09 1.73035028e-06
 5.72158318e-07 8.45777536e-07 4.06263242e-05 8.91445986e-07 1.68034868e-07
 5.20870879e-08 1.44729174e-07 8.58675124e-07 2.47424291e-06 9.24712173e-08
 4.46218711e-07 3.19440127e-07 1.38798347e-07 2.72135574e-06 5.83921043e-07
 7.03627333e-07 9.39401824e-09 1.12480094e-08 2.16772908e-07 1.29186155e-07
 3.63307677e-08 9.63891348e-08 3.04974089e-08 5.46492100e-08]
----------------------------------------------------------------------------------------------------
   Embed: 49      2.649049242322E+02      -1.367689E-02   3.11E-04  6.23E-05  2.547945E+02    
----------------------------------------------------------------------------------------------------
Norm of reidual density : 
[2.37042450e-05 9.82673336e-06 4.91534664e-06 5.27007837e-06 2.18852654e-06
 1.52670375e-06 7.63403103e-06 3.94940934e-06 1.26087797e-06 1.25889940e-06
 1.94031406e-06 1.75724342e-06 5.61828121e-06 3.73381844e-06 7.31372043e-06
 2.04506708e-06 2.24832401e-06 1.06031828e-06 1.44792743e-06 1.43692582e-06
 8.23532194e-07 6.24661703e-06 5.03592723e-07 3.72798372e-06 1.23381609e-06
 5.64947501e-06 3.31240466e-06 8.03928243e-07 4.82302382e-07 4.64044043e-06
 4.01153866e-06 1.16472370e-06 7.55497287e-06 6.89250127e-06 3.49197052e-06
 2.82139005e-06 2.27093797e-06 2.02688693e-06 1.73707184e-06 5.05777434e-07
 2.98412921e-06 2.42806010e-06 2.56686341e-07 3.23709784e-06 2.29111987e-06
 4.16611853e-06 4.08137522e-06 2.55948025e-06 9.41938912e-07 4.78766014e-07
 6.79886635e-06 2.28706905e-06 1.41622338e-06 7.96326029e-07 3.35293365e-06
 3.52573264e-06 1.59855671e-06 1.80004769e-05 1.96475206e-06 9.98754696e-06
 2.36711569e-06 6.92504617e-06 9.66385569e-07 5.45130494e-07 1.63362443e-06
 2.11336500e-06 8.09126166e-06 4.63679767e-07 7.42273350e-07 3.33192944e-06
 6.34649784e-06 5.51833870e-06 2.12579369e-06 1.42809573e-06 3.14085679e-07
 4.51789907e-06 1.73093424e-06 3.45606728e-06 2.63896533e-07 7.74358401e-07
 1.15857772e-06 1.97898767e-06 2.50075913e-06 5.51881921e-07 3.97260215e-06
 3.64805686e-06 7.59561767e-06 2.65451046e-05 6.36047208e-06 3.52872045e-06
 1.63769264e-06 7.82344388e-06 5.70208486e-06 1.07234807e-05 6.94077957e-07
 6.79594775e-06 5.30779456e-06 3.46706149e-06 1.64436459e-05 4.63957373e-06
 5.93396393e-06 4.85078382e-07 2.00336439e-06 2.59279436e-06 1.96654248e-06
 2.05289835e-06 2.50440336e-06 1.00193331e-06 1.91763490e-06]
Energy of reidual density : 
[1.31732029e-05 7.13260236e-06 5.73750205e-07 5.42769851e-07 1.10486268e-07
 6.51566137e-08 1.42654330e-06 3.26517117e-07 3.90449421e-08 3.05881930e-08
 9.36259904e-08 4.19910034e-08 7.65291391e-07 2.07469103e-07 1.29776253e-06
 8.68127972e-08 1.25818361e-07 2.60849207e-08 6.11833020e-08 3.67283422e-08
 1.93760306e-08 9.16210125e-07 6.94779248e-09 3.88147134e-07 3.88091588e-08
 7.35330719e-07 1.44485699e-07 1.18170352e-08 3.62506875e-09 4.92587199e-07
 4.03243977e-07 3.54665427e-08 1.31165656e-06 9.56091004e-07 3.27705973e-07
 1.60962172e-07 1.23802844e-07 9.02595649e-08 6.41738493e-08 6.67440275e-09
 1.68263055e-07 8.10802670e-08 1.27108070e-09 2.80795206e-07 8.93899494e-08
 4.35098988e-07 4.14677839e-07 6.74270611e-08 2.40584219e-08 4.64406369e-09
 8.88685614e-07 1.36506143e-07 5.16566078e-08 1.07338764e-08 2.52069930e-07
 2.97472886e-07 5.61867785e-08 5.35262363e-06 8.50607459e-08 2.44694094e-06
 1.21470666e-07 1.03650460e-06 2.26595224e-08 7.24265605e-09 7.16978312e-08
 9.06858945e-08 1.38654323e-06 4.41892844e-09 1.12047244e-08 2.54410390e-07
 7.08748355e-07 7.52085946e-07 6.47418112e-08 4.35607463e-08 2.00832597e-09
 4.20498662e-07 7.88012928e-08 3.52050572e-07 2.03454694e-09 1.38482195e-08
 3.05392122e-08 1.18118841e-07 2.10238343e-07 7.27416793e-09 3.36961340e-07
 3.51776914e-07 1.31722512e-06 1.13011743e-05 9.48906913e-07 2.22232868e-07
 6.63800019e-08 1.31798648e-06 7.98860562e-07 2.43615535e-06 1.40973571e-08
 7.69101099e-07 5.63677140e-07 2.44764394e-07 4.95908613e-06 5.80167180e-07
 7.32191486e-07 5.47315160e-09 1.05762493e-07 1.96593449e-07 7.58441025e-08
 9.10144320e-08 1.46727401e-07 2.50092927e-08 9.41756914e-08]
----------------------------------------------------------------------------------------------------
   Embed: 50      2.649581493791E+02      5.322515E-02    1.32E-05  2.65E-05  2.597511E+02    
----------------------------------------------------------------------------------------------------
Norm of reidual density : 
[1.73060064e-05 9.64760693e-06 8.62959298e-07 6.35686156e-06 1.77289236e-06
 1.12241572e-06 7.56318154e-06 3.75506680e-06 9.58810715e-07 6.18405492e-07
 5.43978667e-06 2.34478570e-06 5.60022714e-06 1.37256342e-06 4.95269550e-06
 2.56704197e-06 2.33568281e-06 7.57556173e-07 1.83822274e-06 1.23662518e-06
 8.93955068e-07 7.49868746e-06 5.62705529e-07 3.15303538e-06 1.38361508e-06
 5.49602442e-06 5.17549339e-06 3.17096237e-07 4.48268095e-07 2.81907930e-06
 3.60706728e-06 9.26173999e-07 1.00033598e-05 5.03492168e-06 2.60391849e-06
 2.48391277e-06 2.07009052e-06 8.86620795e-07 1.58895670e-06 4.48861783e-07
 2.30988614e-06 2.10579121e-06 6.52765069e-07 3.12415890e-06 2.78180128e-06
 5.60916780e-06 1.40485658e-06 4.82362980e-06 1.04333361e-06 2.61647800e-07
 9.74145803e-06 2.70202238e-06 1.14745176e-06 1.34584014e-06 3.37487865e-06
 3.36434441e-06 6.77040935e-07 2.07834719e-05 1.75672849e-06 1.14784100e-05
 2.01410924e-06 7.11446810e-06 1.10762361e-06 8.07754328e-07 3.67214737e-06
 1.86456661e-06 9.11068229e-06 4.85392671e-07 7.27304544e-07 1.60698179e-06
 8.57575353e-06 2.52276937e-06 1.49932276e-06 1.72602623e-06 1.06668373e-06
 4.68730059e-06 2.02993153e-06 3.49711855e-06 5.76862564e-07 1.04814948e-06
 1.27192166e-06 2.10370637e-06 2.41679015e-06 9.65920244e-07 4.12884999e-06
 4.17305172e-06 8.70626478e-06 1.53036295e-05 6.14420351e-06 2.58666279e-06
 1.83914917e-06 5.45341934e-06 5.12337588e-06 1.38829497e-05 7.86376864e-07
 6.02129182e-07 5.61505045e-06 2.85389713e-06 1.01824408e-05 6.40105018e-06
 5.80170973e-06 1.20104907e-06 1.97146838e-06 2.35661930e-06 1.83819564e-06
 1.96982041e-06 1.70801952e-06 9.37445415e-07 4.20353334e-06]
Energy of reidual density : 
[7.74795418e-06 7.07189482e-06 2.03495069e-08 9.17991640e-07 6.73864467e-08
 3.74771477e-08 1.40770558e-06 2.96701269e-07 2.28840894e-08 4.57853070e-09
 4.83441315e-07 1.04795428e-07 7.53338905e-07 2.85258783e-08 6.46351281e-07
 1.55041663e-07 1.23675386e-07 1.26920794e-08 9.90156885e-08 2.79588613e-08
 2.30398498e-08 1.27892033e-06 8.68337198e-09 2.03679601e-07 4.88435066e-08
 7.12353112e-07 3.88331343e-07 2.38214082e-09 3.05741912e-09 1.76624491e-07
 3.24986612e-07 2.49602264e-08 2.47762099e-06 4.90667275e-07 1.83390417e-07
 1.30665544e-07 1.03028207e-07 2.26739120e-08 5.74169210e-08 4.75491031e-09
 1.11519000e-07 5.66397088e-08 8.72037313e-09 2.62423888e-07 9.15227390e-08
 8.07219082e-07 3.30076088e-08 3.02019412e-07 2.45230904e-08 1.12000747e-09
 1.54670934e-06 1.78141992e-07 3.20958681e-08 3.02965172e-08 2.48333697e-07
 2.64893545e-07 1.10102659e-08 7.37771050e-06 7.66341877e-08 3.37498867e-06
 8.74816754e-08 1.28173884e-06 3.19554373e-08 1.45886044e-08 2.78462589e-07
 7.34065639e-08 1.62329678e-06 6.15760104e-09 1.02164953e-08 5.63215216e-08
 1.24913074e-06 9.56725776e-08 4.32275105e-08 5.91521140e-08 2.24987415e-08
 3.55301025e-07 1.08987179e-07 2.46932923e-07 7.12437216e-09 2.83328686e-08
 3.77473448e-08 1.36302760e-07 1.89339637e-07 1.80469120e-08 3.54541077e-07
 4.71767848e-07 1.72535689e-06 3.69929126e-06 9.07312494e-07 1.09262482e-07
 6.69745053e-08 6.98313651e-07 6.40347395e-07 4.00153881e-06 1.68610831e-08
 8.83130436e-09 6.26117003e-07 1.47056219e-07 1.66035696e-06 1.07180114e-06
 7.13619718e-07 2.36030080e-08 7.04228044e-08 1.63598940e-07 6.19934672e-08
 8.16031299e-08 6.49146413e-08 2.35913028e-08 4.34013887e-07]
----------------------------------------------------------------------------------------------------
   Embed: 51      2.649599608745E+02      1.811495E-03    7.75E-06  2.08E-05  2.646764E+02    
----------------------------------------------------------------------------------------------------
Norm of reidual density : 
[7.73817311e-06 2.48070351e-06 1.51861585e-06 1.64838543e-05 1.93343468e-06
 9.09521023e-07 7.58593026e-06 3.68149451e-06 1.03254675e-06 4.07678189e-07
 3.78229754e-06 1.95637685e-06 5.93767929e-06 1.90571889e-06 3.68855443e-06
 1.59073154e-06 9.50454404e-07 6.25445717e-07 1.86479467e-06 1.38224266e-06
 1.42040023e-06 2.65947938e-06 5.07584127e-07 3.22936470e-06 6.96159335e-06
 5.34228038e-06 4.59749552e-06 5.23292988e-07 5.47070580e-07 2.94353648e-07
 3.01391346e-06 7.91136972e-07 5.72639691e-06 3.96400972e-06 2.03782087e-06
 2.52137870e-06 1.23081152e-06 1.19517970e-06 1.77538779e-06 9.60624468e-07
 2.66668396e-06 1.64603246e-06 2.34267552e-06 5.00545188e-06 2.30363971e-06
 2.16800918e-06 1.01652713e-06 4.01153168e-06 1.98135405e-06 9.86238387e-07
 1.09704707e-05 1.92869849e-06 1.02641295e-06 3.61368470e-06 3.38632805e-06
 2.80964787e-06 8.37496780e-07 2.07349905e-05 1.48570570e-06 5.60924392e-06
 1.54893717e-06 9.12845234e-06 1.42988570e-06 7.73005238e-07 1.73125063e-06
 1.85297523e-06 8.87487893e-06 5.73982635e-07 1.78890924e-06 4.55309453e-07
 9.15086438e-06 1.35087604e-06 2.06535851e-06 2.07531927e-06 1.03005858e-06
 6.66043817e-06 1.76657289e-06 5.21682063e-06 9.70299136e-07 1.04034735e-06
 1.01228012e-06 1.97688649e-06 2.84636420e-06 1.31547112e-06 4.16677066e-06
 5.75917616e-06 6.49785675e-06 1.41760942e-05 7.24472910e-06 1.34632622e-06
 3.44962740e-06 3.58746170e-06 2.83863745e-06 1.16641220e-05 8.67842264e-07
 4.21719517e-07 4.63627544e-06 1.20697592e-06 6.49832233e-06 1.29530707e-05
 5.82818204e-06 3.61936889e-06 2.31747789e-06 3.32918325e-06 1.93475863e-06
 2.07686450e-06 7.19460252e-07 1.24040328e-06 1.20316913e-06]
Energy of reidual density : 
[2.30275687e-06 3.61473618e-07 3.02656178e-08 7.47383543e-06 9.34397938e-08
 2.33267293e-08 1.49738879e-06 3.22441503e-07 2.85175039e-08 2.47101627e-09
 1.74297769e-07 4.53424791e-08 8.36618931e-07 6.69451727e-08 3.07915569e-07
 7.23593647e-08 2.95688451e-08 9.30659138e-09 1.06970814e-07 4.23700013e-08
 5.72775699e-08 1.71188793e-07 6.72837480e-09 2.16707482e-07 1.07972832e-06
 7.19524380e-07 3.03915815e-07 7.13703826e-09 7.89915387e-09 1.57557253e-09
 2.23705641e-07 1.03863459e-08 6.63046508e-07 3.17524829e-07 1.13397250e-07
 1.30220150e-07 2.74449541e-08 2.98396999e-08 7.32666396e-08 1.34178771e-08
 1.85485179e-07 3.53744739e-08 1.19979806e-07 6.49244590e-07 6.99734415e-08
 1.02024195e-07 1.56759908e-08 2.07957753e-07 7.53740082e-08 2.07778570e-08
 1.82224474e-06 9.01102467e-08 2.76796151e-08 2.11512920e-07 2.37011537e-07
 1.58998042e-07 1.78518033e-08 7.40159640e-06 5.04434293e-08 7.18313189e-07
 5.78690447e-08 2.11892668e-06 6.18350570e-08 1.41731378e-08 5.25049958e-08
 8.83235440e-08 1.43463108e-06 9.10819828e-09 8.49166663e-08 5.32843086e-09
 1.40853282e-06 4.46994644e-08 9.37531826e-08 9.14824516e-08 1.93656212e-08
 9.10918810e-07 8.28623218e-08 4.68758523e-07 1.65336493e-08 2.28193358e-08
 2.58449710e-08 1.04532400e-07 2.53449752e-07 3.39373717e-08 3.33841412e-07
 8.74058223e-07 8.41940184e-07 3.22371954e-06 9.14967305e-07 3.27597825e-08
 2.30864349e-07 3.14193805e-07 1.88542136e-07 3.16694876e-06 2.12675047e-08
 4.61650188e-09 4.13053204e-07 3.87176057e-08 6.30369679e-07 4.42857264e-06
 7.28808357e-07 1.86138177e-07 8.37240294e-08 2.77226289e-07 1.13285262e-07
 9.25100154e-08 1.38381649e-08 4.26954634e-08 3.34538071e-08]
----------------------------------------------------------------------------------------------------
   Embed: 52      2.649775825447E+02      1.762167E-02    7.47E-06  2.07E-05  2.696155E+02    
----------------------------------------------------------------------------------------------------
Norm of reidual density : 
[3.57542902e-06 1.79568846e-06 2.52936815e-06 5.54585290e-06 2.40476859e-06
 4.41323294e-07 7.86285289e-06 4.13476421e-06 1.16194991e-06 4.93910407e-07
 1.37134738e-06 2.35652892e-06 4.93180620e-06 7.72337994e-07 2.29538181e-06
 1.63201122e-06 7.10728700e-07 4.52046666e-07 1.74016355e-06 1.09329810e-06
 1.31879162e-06 2.32013027e-06 3.61288390e-07 2.24420741e-06 3.67426096e-06
 4.65351377e-06 5.13928925e-06 6.32405969e-07 7.49196224e-07 5.76606535e-07
 3.40727261e-06 1.25356088e-06 5.64445799e-06 1.70874483e-06 8.24347134e-07
 2.03369697e-06 6.44153566e-07 8.41712025e-07 1.78367324e-06 3.61148994e-07
 2.86854366e-06 1.66509163e-06 2.85443351e-06 3.22437405e-06 1.91043938e-06
 1.08225999e-06 1.13895066e-06 1.10680847e-06 2.00903849e-06 1.28107142e-06
 1.06817645e-05 1.64152721e-06 1.13141622e-06 1.18248102e-06 3.13837461e-06
 2.44251820e-06 6.17271787e-07 2.10320850e-05 1.46480353e-06 6.18052463e-06
 8.85637762e-07 4.07507947e-06 1.54553513e-06 9.89538238e-07 1.49945748e-06
 1.90408332e-06 9.06667179e-06 7.27578759e-07 8.03853072e-07 4.19208533e-07
 8.17140051e-06 1.66180059e-06 1.06101124e-06 1.36778714e-06 1.16143048e-06
 3.68656569e-06 1.89943410e-06 5.43676694e-06 1.15693915e-06 6.34781652e-07
 1.51184363e-06 2.16668691e-06 2.72241147e-06 1.33143286e-06 3.78351822e-06
 6.98635078e-06 2.98623731e-06 3.59393229e-06 5.59722343e-06 1.80171111e-06
 3.88131570e-06 2.82379587e-06 1.27134083e-06 1.15279274e-05 7.98204207e-07
 8.33784235e-07 4.74477520e-06 9.50688193e-07 3.46379715e-06 6.01706484e-06
 5.19381320e-06 1.42993762e-06 2.27529642e-06 3.88520730e-06 2.19087272e-06
 3.84012227e-06 7.76214321e-07 1.36248692e-06 7.94518552e-07]
Energy of reidual density : 
[7.70778457e-07 1.51808848e-07 9.67165182e-08 7.83249538e-07 1.40597479e-07
 4.66590159e-09 1.75087492e-06 3.94300679e-07 3.12298779e-08 5.94332230e-09
 2.74416429e-08 8.29276213e-08 4.79320421e-07 9.68569045e-09 1.32878287e-07
 7.88865670e-08 1.58819778e-08 4.89116625e-09 9.33116664e-08 2.47575846e-08
 4.41190360e-08 1.05896074e-07 2.93503827e-09 9.33124989e-08 3.05207440e-07
 5.25954152e-07 4.09619964e-07 1.09511775e-08 1.21032993e-08 6.54069584e-09
 2.23148535e-07 3.80580900e-08 6.81355532e-07 6.27827439e-08 1.54584877e-08
 8.93149313e-08 8.89353298e-09 1.46172414e-08 7.13726458e-08 1.91849112e-09
 1.90821845e-07 3.67953512e-08 2.09310509e-07 3.06981681e-07 7.05588941e-08
 1.87166300e-08 3.05401831e-08 2.09691534e-08 8.30667239e-08 3.04882984e-08
 1.66191042e-06 6.06515961e-08 3.14962346e-08 2.48348970e-08 2.05551923e-07
 1.04369552e-07 8.83686477e-09 7.21525133e-06 4.31315526e-08 9.40539681e-07
 1.83054145e-08 3.85969932e-07 7.34481886e-08 2.15938927e-08 4.27819371e-08
 9.78076622e-08 1.45745215e-06 1.35964991e-08 1.49644598e-08 3.13516123e-09
 1.11879018e-06 6.46187121e-08 2.48189275e-08 4.06576773e-08 2.35036840e-08
 2.85561933e-07 9.36017828e-08 4.60035013e-07 2.38581349e-08 9.25678306e-09
 6.22913636e-08 1.16391137e-07 2.19804266e-07 2.89270406e-08 2.77555011e-07
 1.05288513e-06 1.38991563e-07 2.71834284e-07 8.09480303e-07 6.56128626e-08
 2.73654954e-07 2.29291198e-07 2.89919549e-08 3.07781993e-06 1.91721104e-08
 1.46448471e-08 4.44159116e-07 1.88617316e-08 2.04703542e-07 9.53448041e-07
 5.61126974e-07 2.53011524e-08 7.03841350e-08 3.40126018e-07 9.24839022e-08
 3.29080994e-07 9.99216526e-09 4.03987098e-08 1.58656546e-08]
----------------------------------------------------------------------------------------------------
   Embed: 53      2.649682342563E+02      -9.348288E-03   7.22E-06  2.10E-05  2.745645E+02    
----------------------------------------------------------------------------------------------------
Norm of reidual density : 
[6.10098458e-06 1.41470862e-06 1.90495128e-06 5.73587485e-06 2.79180121e-06
 6.94113350e-07 1.20832353e-05 2.70630130e-06 7.91997849e-07 2.94755687e-07
 1.43333012e-06 2.42478954e-06 2.97273037e-06 3.18960573e-07 8.01557478e-07
 1.50546184e-06 5.90572330e-07 6.96477084e-07 1.77068829e-06 9.58751969e-07
 7.60745984e-07 2.72260265e-06 2.73651896e-07 3.21541220e-06 2.69287901e-06
 4.34589418e-06 5.08653324e-06 9.12967382e-07 4.73956622e-07 4.12137613e-07
 3.28652582e-06 1.17082355e-06 3.77571882e-06 1.21927989e-06 1.38827629e-06
 2.09475244e-06 8.66528837e-07 3.97317546e-07 1.68889230e-06 3.75461474e-07
 2.27187099e-06 1.45844331e-06 3.12937620e-06 2.41267559e-06 3.30848829e-06
 6.51604481e-07 6.81284842e-07 1.62316926e-06 1.96777198e-06 1.21055991e-06
 7.33318224e-06 2.41343890e-06 6.39231418e-07 1.23278634e-06 3.50225046e-06
 1.93672293e-06 7.92128482e-07 2.07860121e-05 9.21508064e-07 5.11848346e-06
 5.56483809e-07 3.44243094e-06 1.58764186e-06 8.43209989e-07 3.87566067e-06
 1.94603754e-06 9.20669944e-06 6.92600962e-07 5.95422299e-07 3.97844502e-07
 5.90105987e-06 9.08135878e-07 1.35474714e-06 1.11536193e-06 7.46934431e-07
 1.90412783e-06 2.02144372e-06 3.51000812e-06 2.05576474e-06 3.72643999e-07
 1.27696285e-06 2.19869587e-06 3.29214297e-06 8.25966986e-07 3.89714741e-06
 8.47019141e-06 2.93547530e-06 7.53059729e-06 4.56691531e-06 1.85583234e-06
 2.10464547e-06 2.84860034e-06 4.25820943e-07 1.12319152e-05 8.40059777e-07
 1.43121457e-06 4.79080752e-06 8.22076837e-07 1.30361767e-06 9.10307098e-07
 4.34454014e-06 6.09582660e-07 2.58133659e-06 4.76879393e-06 1.62077677e-06
 9.40026073e-07 6.74949437e-07 1.34887770e-06 7.22722967e-07]
Energy of reidual density : 
[1.14450458e-06 1.28139898e-07 5.18244052e-08 8.80789582e-07 1.92085473e-07
 1.16188509e-08 3.27154519e-06 1.14106374e-07 1.19651878e-08 1.47953818e-09
 2.29241542e-08 9.68208066e-08 2.22153272e-07 1.60334690e-09 1.28105280e-08
 6.54410603e-08 8.57148973e-09 1.04214367e-08 9.74535535e-08 2.09872155e-08
 1.51405988e-08 1.73277029e-07 1.42460666e-09 2.27579112e-07 1.61898433e-07
 5.06844577e-07 3.90773631e-07 2.03835148e-08 5.77816612e-09 4.86764796e-09
 2.02234102e-07 3.64505185e-08 2.48733559e-07 3.61571324e-08 4.29944114e-08
 9.86057372e-08 1.70209393e-08 3.75004696e-09 6.19986055e-08 1.69623643e-09
 1.26088911e-07 3.53840208e-08 2.32908328e-07 1.43190410e-07 2.47297677e-07
 1.00264083e-08 5.57406845e-09 4.31055056e-08 8.08270369e-08 2.91195572e-08
 7.16657624e-07 1.14715468e-07 1.23969383e-08 2.79238585e-08 2.54632652e-07
 7.36877881e-08 1.40899442e-08 7.12633325e-06 1.66705904e-08 6.15138342e-07
 6.21623256e-09 2.93024796e-07 6.93705602e-08 1.64607106e-08 3.33965200e-07
 1.00781933e-07 1.45064413e-06 9.87641883e-09 7.74872606e-09 3.47658508e-09
 5.52446023e-07 2.33432929e-08 3.95788845e-08 2.67576372e-08 8.81690176e-09
 1.02985365e-07 1.06504889e-07 2.27546157e-07 6.87629099e-08 2.93788597e-09
 4.55211518e-08 1.15886221e-07 3.22339700e-07 1.12617136e-08 3.14042210e-07
 1.28797058e-06 1.44034950e-07 9.99200552e-07 5.71755815e-07 7.36182942e-08
 8.86608197e-08 2.32352337e-07 3.54572153e-09 3.03272286e-06 2.04473586e-08
 4.52418639e-08 4.49066159e-07 1.27953323e-08 2.14681940e-08 1.63713040e-08
 4.45211022e-07 9.99987831e-09 9.93100182e-08 4.78269180e-07 5.04745090e-08
 1.72982258e-08 1.37876382e-08 3.52568856e-08 1.15599713e-08]
----------------------------------------------------------------------------------------------------
   Embed: 54      2.649642677387E+02      -3.966518E-03   7.13E-06  2.08E-05  2.795130E+02    
----------------------------------------------------------------------------------------------------
Norm of reidual density : 
[6.12835795e-06 1.16198810e-06 1.31406779e-06 8.43274657e-07 2.58541593e-06
 6.09945467e-07 1.48698812e-05 2.04691970e-06 8.41029662e-07 4.11016489e-07
 7.01186965e-07 2.54394755e-06 4.09615244e-06 4.14864985e-07 3.42289677e-07
 1.29636687e-06 3.51630525e-07 3.82531895e-07 1.41325212e-06 7.03005958e-07
 6.64957412e-07 1.79127609e-06 2.96542629e-07 1.46847339e-06 3.09671321e-06
 4.79460191e-06 5.48689798e-06 1.17101938e-06 5.48371392e-07 3.21776285e-07
 4.87768904e-06 8.78627653e-07 1.08083931e-06 7.07951522e-07 6.09119535e-07
 1.06018963e-06 9.39762245e-07 3.19532544e-07 1.58643850e-06 6.87600066e-07
 1.06475480e-06 1.22366749e-06 3.04694374e-06 1.53821774e-06 3.08431023e-06
 8.58508241e-07 9.11069481e-07 6.90084787e-07 2.00630201e-06 6.26852677e-07
 6.21767688e-06 2.51939847e-06 9.03954457e-07 4.55629762e-07 3.43774968e-06
 2.21180342e-06 1.01448675e-06 1.66652587e-05 1.01321362e-06 2.80603443e-06
 9.88982125e-07 1.30461406e-06 1.40916929e-06 1.09576239e-06 5.59672209e-06
 2.15442158e-06 1.02169277e-05 8.45666246e-07 6.48583675e-07 4.67163020e-07
 6.65887512e-06 1.71270182e-06 1.59923236e-06 9.75578076e-07 4.64802955e-07
 3.03123833e-06 1.28436763e-06 2.89747867e-06 6.99736882e-07 4.99061688e-07
 6.22402538e-07 1.62668810e-06 3.99217170e-06 9.19081963e-07 3.27264199e-06
 1.01221651e-05 1.11508857e-06 3.83252916e-06 4.43037246e-06 2.21790470e-06
 2.22334406e-06 2.59242771e-06 5.31975918e-07 1.08103576e-05 5.53013467e-07
 2.11874625e-06 7.31867449e-06 4.51975730e-07 8.77019959e-07 1.95262052e-06
 5.01422345e-06 8.80656518e-07 2.37314895e-06 3.07386647e-06 1.47154065e-06
 2.28125825e-06 5.96835529e-07 2.21033619e-06 7.90750612e-07]
Energy of reidual density : 
[9.71767193e-07 1.01700358e-07 2.30522440e-08 1.43675920e-08 1.71104332e-07
 1.01437967e-08 5.64695801e-06 6.82931759e-08 1.44800237e-08 2.74776092e-09
 1.05164248e-08 1.07641051e-07 3.90302143e-07 3.02571417e-09 2.65918135e-09
 4.87113426e-08 2.77330923e-09 2.47502195e-09 6.06370905e-08 1.01199219e-08
 1.12551594e-08 8.24062219e-08 1.54281254e-09 4.47083321e-08 2.19037434e-07
 6.61579498e-07 4.34939586e-07 2.65878843e-08 6.10430064e-09 2.75917629e-09
 4.79743301e-07 2.12749825e-08 2.03513555e-08 1.00587611e-08 1.02241220e-08
 2.84638808e-08 1.96569189e-08 2.21550542e-09 5.10926111e-08 5.91131408e-09
 1.75905794e-08 3.06222571e-08 2.30509348e-07 6.48634010e-08 1.98378385e-07
 1.72665731e-08 1.58062416e-08 9.93451083e-09 9.50420751e-08 7.52968205e-09
 5.61447325e-07 1.24063506e-07 2.21893947e-08 3.90573174e-09 2.18902966e-07
 1.47760191e-07 2.23726788e-08 4.59539284e-06 2.37723141e-08 1.95475845e-07
 2.29056612e-08 4.70460848e-08 5.93277666e-08 2.90282899e-08 6.89550090e-07
 1.18803908e-07 1.89704000e-06 1.08023413e-08 8.59361039e-09 5.03992234e-09
 6.94478455e-07 5.87933093e-08 5.38486769e-08 2.17255649e-08 3.08541169e-09
 1.67399307e-07 4.86278687e-08 1.79104444e-07 1.25551793e-08 5.83753975e-09
 1.28138030e-08 6.16900858e-08 4.88709341e-07 1.43942608e-08 2.00798792e-07
 2.78079728e-06 2.30067987e-08 3.06770235e-07 5.67385573e-07 1.12022654e-07
 1.00186610e-07 1.78026232e-07 5.16356723e-09 2.73193927e-06 8.27636889e-09
 1.03696216e-07 1.07055213e-06 4.46133072e-09 1.92229555e-08 8.79430093e-08
 6.65623950e-07 1.75675216e-08 8.90401914e-08 2.81402498e-07 4.44339160e-08
 1.05154555e-07 8.04860048e-09 9.28740195e-08 1.41985457e-08]
----------------------------------------------------------------------------------------------------
   Embed: 55      2.649679522058E+02      3.684467E-03    5.65E-06  1.67E-05  2.844690E+02    
----------------------------------------------------------------------------------------------------
Norm of reidual density : 
[3.93263270e-06 1.23350632e-06 1.90652172e-06 7.06512797e-07 2.84107460e-06
 5.76154705e-07 1.45537132e-05 2.36014753e-06 1.08668849e-06 7.85251241e-07
 5.93114936e-07 3.66602514e-06 2.94116126e-06 3.28604715e-07 4.22251974e-07
 1.27542034e-06 1.95428535e-07 1.30785666e-07 1.33105472e-06 7.61319186e-07
 5.67720757e-07 1.34241791e-06 3.47987020e-07 1.14076493e-06 3.19388651e-06
 5.60340935e-06 5.73578790e-06 1.14051961e-06 3.61380369e-07 2.16564142e-07
 3.30520942e-06 1.03032363e-06 5.55751445e-07 5.76374849e-07 3.63771673e-07
 1.04373412e-06 9.55766439e-07 7.10985652e-08 1.82460921e-06 9.52657487e-07
 7.48836281e-07 6.49906644e-07 3.38861169e-06 8.43634866e-07 9.67192083e-07
 3.63554323e-07 1.05813909e-06 7.06481100e-07 2.08697603e-06 7.07857206e-07
 4.72409288e-06 2.87948906e-06 9.10063386e-07 3.82908468e-07 1.71147897e-06
 2.16612248e-06 9.38568178e-07 1.81423297e-05 7.29039895e-07 1.21597812e-06
 1.02487491e-06 9.58774802e-07 1.30813504e-06 1.32225756e-06 5.62662096e-06
 1.58366031e-06 8.81138278e-06 6.98238972e-07 4.93266972e-07 4.76762725e-07
 3.75407324e-06 2.65093160e-06 1.35129039e-06 9.34882970e-07 3.73017554e-07
 3.12313598e-06 1.29473409e-06 1.97624214e-06 7.22993174e-07 7.92820107e-07
 1.01969109e-06 1.68775518e-06 3.20675957e-06 8.70035910e-07 3.07690918e-06
 9.23514856e-06 1.05588753e-06 4.19124872e-06 5.11906399e-06 1.90101780e-06
 2.07382383e-06 2.71114387e-06 2.07000668e-07 1.04511495e-05 3.82068763e-07
 2.05381456e-06 8.60999734e-06 3.70103272e-07 7.12438495e-07 1.12017095e-06
 6.50414964e-06 7.57910697e-07 2.13875536e-06 2.65190997e-06 1.57165900e-06
 2.93367677e-06 6.51507976e-07 2.25189083e-06 8.19046901e-07]
Energy of reidual density : 
[3.49420511e-07 1.28330423e-07 1.07267272e-07 9.39402275e-09 1.95789597e-07
 8.20235670e-09 5.32440732e-06 1.19853568e-07 3.04292794e-08 1.00152153e-08
 8.04081099e-09 2.94009604e-07 1.78062842e-07 2.14945003e-09 2.85585232e-09
 4.47569235e-08 1.03085766e-09 4.29195890e-10 5.45294591e-08 1.26637682e-08
 9.24639724e-09 5.01370382e-08 2.54295950e-09 2.87359639e-08 2.33644619e-07
 9.60171696e-07 4.68881242e-07 2.51644951e-08 2.92737596e-09 1.04323315e-09
 2.33524352e-07 2.78660597e-08 5.80595734e-09 5.92763585e-09 3.25243691e-09
 2.78247574e-08 2.04077674e-08 1.02345433e-10 6.64556376e-08 1.14547651e-08
 1.00411939e-08 8.22240635e-09 2.47853195e-07 1.45444032e-08 2.33863893e-08
 2.35811362e-09 2.13483963e-08 9.60439436e-09 1.06664820e-07 1.00142988e-08
 3.24702820e-07 1.61405454e-07 2.16963352e-08 2.54351745e-09 6.89904590e-08
 1.35654549e-07 1.95631546e-08 5.43920800e-06 1.23698626e-08 3.89873662e-08
 2.28969569e-08 2.16513962e-08 5.46107653e-08 4.09731535e-08 6.88243414e-07
 5.77175606e-08 1.41704745e-06 7.50659443e-09 5.11077597e-09 4.96090102e-09
 2.33747219e-07 1.60222073e-07 4.07150337e-08 2.05027328e-08 1.67999956e-09
 1.78638212e-07 5.02047171e-08 9.71359808e-08 1.22185618e-08 1.50941077e-08
 3.26725625e-08 5.11309455e-08 3.03790614e-07 1.29156966e-08 1.97252847e-07
 2.38888633e-06 2.40198008e-08 3.68068479e-07 7.94026383e-07 7.75688982e-08
 1.12353603e-07 1.81805183e-07 9.33615935e-10 2.52805991e-06 4.13631174e-09
 9.15374791e-08 1.45000889e-06 3.10420760e-09 1.15635319e-08 2.85171837e-08
 1.04161129e-06 1.02082516e-08 7.09225680e-08 1.86899299e-07 4.43783272e-08
 1.72703758e-07 1.14497435e-08 9.79622100e-08 1.53749985e-08]
----------------------------------------------------------------------------------------------------
   Embed: 56      2.649663702749E+02      -1.581931E-03   5.44E-06  1.81E-05  2.894180E+02    
----------------------------------------------------------------------------------------------------
Norm of reidual density : 
[8.83263512e-07 1.44091657e-06 6.75062924e-06 7.78337456e-07 2.73180017e-06
 5.53613819e-07 1.46708693e-05 2.71427369e-06 1.06854860e-06 6.98114073e-07
 3.75571328e-07 2.86278347e-06 4.33374535e-06 2.43902812e-07 1.25751445e-07
 1.02173111e-06 8.05035601e-07 1.13175644e-07 1.61107733e-06 3.05806853e-07
 5.00278869e-07 1.28963862e-06 3.59147091e-07 6.91293739e-07 1.89489157e-06
 6.79583075e-06 5.56616314e-06 1.07438870e-06 3.92068798e-07 3.34271424e-07
 2.75947147e-06 7.18803000e-07 1.13278208e-07 3.63383654e-07 1.31210178e-06
 1.23712824e-06 8.70554125e-07 7.91701651e-08 1.52136422e-06 4.44649888e-07
 1.04121010e-06 1.10164098e-06 3.27072748e-06 4.07831683e-07 1.02385245e-06
 3.04300094e-07 1.13681413e-06 7.73435575e-07 1.66721174e-06 6.45028821e-07
 1.39585205e-06 3.19087156e-06 5.49853764e-07 8.22983282e-07 1.04666482e-06
 1.52220426e-06 8.31256441e-07 1.60650857e-05 4.12667839e-07 5.02232679e-07
 7.91849269e-07 3.30028723e-07 1.20219394e-06 1.34034211e-06 1.63836613e-06
 1.43676588e-06 8.67684063e-06 6.23334559e-07 6.19707055e-07 6.04781074e-07
 4.84143093e-06 2.74235858e-06 1.09032775e-06 9.56240144e-07 3.98273290e-07
 2.08948777e-06 1.35534885e-06 2.25360786e-06 8.65090687e-07 7.10293681e-07
 1.00692903e-06 5.60630274e-07 3.57652096e-06 6.50151739e-07 2.69469221e-06
 6.85046680e-06 5.23922709e-07 6.10909840e-06 3.69780503e-06 1.65843175e-06
 2.18149271e-06 2.62213346e-06 8.35546226e-07 1.02391919e-05 6.22974521e-07
 2.47831786e-06 4.84980858e-06 2.25274953e-07 6.91438143e-07 5.84822403e-07
 6.75555761e-06 7.51701563e-07 1.74761171e-06 2.12014332e-06 1.07560020e-06
 2.38429879e-06 9.45870970e-07 2.23741404e-06 7.68775888e-07]
Energy of reidual density : 
[2.94139662e-08 1.73813282e-07 1.11316903e-06 1.33439610e-08 1.93638409e-07
 6.76989028e-09 5.40215896e-06 1.97558579e-07 2.88223285e-08 5.72892923e-09
 3.97087222e-09 2.03225237e-07 3.47204783e-07 1.29131363e-09 2.20989910e-10
 2.36319467e-08 1.40186362e-08 2.00221352e-10 7.87071045e-08 1.46195549e-09
 6.86190085e-09 4.49296426e-08 2.42378178e-09 1.46484362e-08 6.99347566e-08
 1.22781741e-06 4.62156647e-07 2.12771610e-08 3.74050398e-09 2.65344415e-09
 1.68426444e-07 1.18016791e-08 2.19864679e-10 3.13871048e-09 3.33681522e-08
 3.74295515e-08 1.69922422e-08 1.31351287e-10 4.91542162e-08 4.09381363e-09
 2.34116501e-08 3.04761759e-08 2.46550418e-07 4.22248034e-09 2.78081153e-08
 1.73624961e-09 2.64360949e-08 1.22912734e-08 5.70160326e-08 8.33617000e-09
 3.68786028e-08 1.98510931e-07 8.74234894e-09 1.34206908e-08 1.72481443e-08
 7.39082771e-08 1.52551688e-08 4.35472227e-06 3.80298093e-09 5.88246998e-09
 1.19667744e-08 2.07661985e-09 4.61009451e-08 4.22086733e-08 6.66770450e-08
 5.31285036e-08 1.35997368e-06 7.68891005e-09 9.24202412e-09 7.63441320e-09
 3.81211096e-07 1.82730487e-07 2.26485673e-08 2.36020508e-08 3.01293718e-09
 8.43321021e-08 4.93914626e-08 1.42205766e-07 1.72602911e-08 1.27141108e-08
 3.13581352e-08 5.41030317e-09 3.32814225e-07 7.24299411e-09 1.33032504e-07
 1.26740158e-06 5.69094885e-09 6.93064624e-07 3.78524607e-07 5.96099239e-08
 1.20755645e-07 1.63695576e-07 1.02613720e-08 2.35046778e-06 1.05485804e-08
 1.43987814e-07 4.63463924e-07 1.14701621e-09 1.06206311e-08 7.26523511e-09
 1.11291637e-06 9.74619288e-09 5.19021136e-08 8.18293644e-08 2.54621845e-08
 1.04293140e-07 2.25807395e-08 8.55317193e-08 1.17946736e-08]
----------------------------------------------------------------------------------------------------
   Embed: 57      2.649694565110E+02      3.086236E-03    5.40E-06  1.61E-05  2.944219E+02    
----------------------------------------------------------------------------------------------------
Norm of reidual density : 
[4.95780399e-07 1.61221814e-06 5.38470790e-06 7.47166669e-07 2.74923217e-06
 8.80561699e-07 1.45781152e-05 2.17777339e-06 1.20922609e-06 6.08941850e-07
 3.35781759e-07 2.35615589e-06 1.77194245e-06 2.03532169e-07 3.15804096e-07
 5.54105542e-07 7.32692061e-07 5.50020907e-07 1.43915075e-06 3.40613897e-07
 1.39028755e-07 7.81372162e-07 3.17294553e-07 6.85744474e-07 7.60625858e-07
 5.35196108e-06 4.30368409e-06 1.09703004e-06 1.54237896e-07 3.45573605e-07
 1.58481936e-06 1.22016159e-06 5.37934829e-08 3.42871969e-07 7.81459507e-07
 1.20936186e-06 9.84714432e-07 4.02020053e-07 1.74580919e-06 5.68584465e-07
 1.06217597e-06 9.93029283e-07 3.13354547e-06 1.35699541e-07 8.61129346e-07
 2.01024461e-07 1.47376677e-06 7.92315207e-07 1.81695941e-06 5.91406536e-07
 4.89349231e-07 3.29517728e-06 6.24159661e-07 6.56411142e-07 7.57263392e-07
 1.26077389e-06 3.98190655e-07 1.42930456e-05 3.17666660e-07 4.33499461e-07
 1.12528946e-06 3.59846602e-07 8.15174520e-07 1.24732188e-06 1.22634994e-06
 1.24134791e-06 6.96452407e-06 6.97870285e-07 8.77984471e-07 6.81678963e-07
 1.82102083e-06 3.16816227e-06 8.80469253e-07 9.44612590e-07 6.49582335e-07
 8.91648606e-07 1.26664758e-06 2.28658457e-06 8.58594349e-07 7.95174385e-07
 1.35404260e-06 3.36646087e-07 4.07927343e-06 7.34525218e-07 2.79799173e-06
 6.65728805e-06 4.64979863e-07 6.37669091e-06 2.04130545e-06 1.09314267e-06
 2.23971134e-06 2.62006792e-06 4.80845992e-07 1.02566603e-05 7.94395825e-07
 2.50809689e-06 4.82070529e-06 1.99887002e-07 8.43184472e-07 5.68776121e-07
 9.75784797e-06 8.65470483e-07 1.69949667e-06 1.18727027e-06 7.30223447e-07
 1.71368619e-06 7.69163462e-07 2.23936480e-06 5.70247053e-07]
Energy of reidual density : 
[1.54842018e-08 2.23485289e-07 6.95974442e-07 1.18564529e-08 1.93222003e-07
 1.94902880e-08 5.25371036e-06 1.11505833e-07 3.71435568e-08 4.47719067e-09
 3.56084579e-09 1.44765672e-07 7.24245328e-08 1.05735105e-09 2.05385662e-09
 6.13099931e-09 1.17110185e-08 6.52259859e-09 6.12735199e-08 2.74161909e-09
 4.15611130e-10 1.72061455e-08 2.04265793e-09 1.37484732e-08 8.68637999e-09
 7.86505634e-07 2.95644128e-07 2.22782241e-08 3.58478283e-10 2.87707083e-09
 5.38193194e-08 3.40357893e-08 4.47144296e-11 3.21796772e-09 1.50600883e-08
 3.54577686e-08 2.13845238e-08 3.17514554e-09 6.36003930e-08 4.29870730e-09
 2.38737362e-08 2.56249844e-08 2.25218242e-07 3.65373592e-10 2.01692551e-08
 7.26791030e-10 4.62507489e-08 1.31468905e-08 6.92213391e-08 6.52247885e-09
 4.74504735e-09 2.10358832e-07 1.16569937e-08 8.37456638e-09 1.29251674e-08
 4.63783883e-08 4.27193720e-09 3.55930076e-06 2.66609187e-09 4.73852538e-09
 2.56267110e-08 3.13073290e-09 1.47282961e-08 3.65390160e-08 3.87316826e-08
 3.47813365e-08 6.59738368e-07 1.13484604e-08 1.90912057e-08 7.99194894e-09
 3.58185421e-08 2.51373432e-07 1.45688557e-08 2.37383650e-08 1.09681966e-08
 1.76801249e-08 3.93727926e-08 1.42931850e-07 1.46950827e-08 1.64840620e-08
 4.67662637e-08 2.32106278e-09 4.47206205e-07 9.18958770e-09 1.47472608e-07
 1.17921156e-06 4.61514256e-09 7.21792748e-07 1.06922475e-07 2.66108320e-08
 1.26870798e-07 1.61215995e-07 3.71817604e-09 2.31391372e-06 1.74581084e-08
 1.49586833e-07 4.60812679e-07 1.19926026e-09 1.33892808e-08 7.36853422e-09
 2.24819792e-06 1.36974889e-08 4.50520509e-08 2.78619637e-08 1.08152943e-08
 5.50265113e-08 1.41816353e-08 8.50042075e-08 6.01214905e-09]
----------------------------------------------------------------------------------------------------
   Embed: 58      2.649655408391E+02      -3.915672E-03   5.25E-06  1.46E-05  2.993623E+02    
----------------------------------------------------------------------------------------------------
Norm of reidual density : 
[1.35806567e-06 2.41459181e-06 6.55405451e-07 1.30421428e-06 2.68975324e-06
 1.04863939e-06 5.78222990e-06 2.40653154e-06 1.25912691e-06 6.54308165e-07
 4.20189042e-07 1.57209082e-06 5.85339793e-07 2.20959056e-07 2.46623003e-07
 4.37746829e-07 6.47621987e-07 7.62961766e-07 1.06430254e-06 2.93441035e-07
 1.63595955e-07 1.63100507e-06 2.94875366e-07 1.68389986e-06 8.60497840e-07
 2.63991834e-06 3.94721681e-06 1.13015231e-06 3.33381086e-07 2.91270286e-07
 9.39484474e-07 8.90877481e-07 9.83299936e-08 4.55723637e-07 8.76325248e-07
 1.18072216e-06 5.54000060e-07 1.00172256e-06 1.17259176e-06 7.90025512e-07
 1.00282380e-06 1.09829159e-06 3.43060703e-06 1.70991083e-07 9.32142978e-07
 1.99919593e-07 2.01112434e-06 7.11822648e-07 1.38438977e-06 6.82194704e-07
 2.67231148e-07 3.75479823e-06 7.42441335e-07 6.12327968e-07 5.93074064e-07
 1.27329394e-06 8.49973364e-07 1.25945038e-05 1.56322996e-07 1.53977937e-06
 9.72907581e-07 5.86757554e-07 2.75604308e-07 8.81184141e-07 1.81817992e-06
 1.89608989e-06 6.05887149e-06 8.74104108e-07 8.45880146e-07 7.54564461e-07
 1.28147396e-06 1.93750773e-06 8.65544317e-07 7.44141284e-07 6.55425397e-07
 1.88115280e-07 1.41567587e-06 2.22409296e-06 7.24155455e-07 7.65599604e-07
 5.74069589e-07 1.39595997e-07 6.03264844e-06 7.29880931e-07 3.10470699e-06
 6.65444666e-06 4.38256533e-07 6.17057295e-06 3.37122384e-07 8.72377442e-07
 2.32751192e-06 1.67711844e-06 5.26595209e-07 1.28649882e-05 6.90758551e-07
 2.18992203e-06 3.89001026e-06 1.02850944e-07 8.95453847e-07 6.29308521e-07
 6.97829598e-06 9.52405584e-07 1.21888472e-06 4.68450116e-07 1.05348106e-06
 3.89544112e-07 2.21065693e-07 9.78130137e-07 8.35468529e-07]
Energy of reidual density : 
[5.64147284e-08 5.48335981e-07 1.02195397e-08 3.93698061e-08 1.84973033e-07
 2.74308977e-08 8.77491787e-07 1.28523568e-07 3.45841073e-08 5.30161576e-09
 4.91697713e-09 6.67425518e-08 6.23025751e-09 1.16964458e-09 1.49088990e-09
 4.47850818e-09 1.00341489e-08 1.20485018e-08 2.39067893e-08 1.67324592e-09
 7.69283601e-10 6.04088087e-08 1.31895805e-09 4.62193873e-08 2.10310836e-08
 1.01129945e-07 2.48155299e-07 2.41686031e-08 1.95575990e-09 2.04759820e-09
 1.60789657e-08 2.02674163e-08 2.43061252e-10 5.81581842e-09 1.90682343e-08
 3.48390715e-08 6.17046020e-09 2.05901908e-08 3.34083502e-08 1.27451137e-08
 2.12408929e-08 3.26035294e-08 2.47345440e-07 6.37921469e-10 2.31679203e-08
 6.90847500e-10 8.03795636e-08 1.13061159e-08 3.59680336e-08 8.95339770e-09
 8.22554650e-10 2.71001533e-07 1.56882726e-08 6.65801589e-09 9.79577904e-09
 4.48557391e-08 1.29603892e-08 2.91490259e-06 6.49061357e-10 5.46939029e-08
 2.11678120e-08 8.26555387e-09 9.62200089e-10 1.64497275e-08 7.16111152e-08
 7.44594825e-08 5.12022460e-07 1.73970539e-08 1.79528376e-08 9.87276914e-09
 2.32675612e-08 1.00695639e-07 1.47651160e-08 1.52438569e-08 8.50391341e-09
 6.30548150e-10 5.21328422e-08 1.34629429e-07 8.81406647e-09 1.48303053e-08
 9.42706565e-09 4.54178621e-10 9.95069219e-07 8.75963935e-09 2.32251705e-07
 1.18158981e-06 4.71922062e-09 6.66228388e-07 2.41523071e-09 1.62063323e-08
 1.33731975e-07 4.91777270e-08 4.97067994e-09 3.33235317e-06 1.15679339e-08
 1.17361876e-07 3.00071991e-07 1.91490614e-10 1.50323847e-08 9.19305655e-09
 1.11859275e-06 1.66571485e-08 2.13522650e-08 4.00419231e-09 1.66135076e-08
 2.28292170e-09 1.12070860e-09 2.27985593e-08 1.93418189e-08]
----------------------------------------------------------------------------------------------------
   Embed: 59      2.649540636576E+02      -1.147718E-02   3.33E-06  1.29E-05  3.043199E+02    
----------------------------------------------------------------------------------------------------
Norm of reidual density : 
[1.27103070e-06 2.99018167e-06 5.35139356e-07 3.66721220e-06 2.69960507e-06
 9.29424891e-07 3.30125377e-06 2.52108560e-06 1.78507591e-06 5.89886601e-07
 5.24251465e-07 1.44560166e-06 1.39118466e-07 6.63917660e-07 2.82820138e-07
 2.51664103e-07 7.36682068e-07 7.51113941e-07 1.57478837e-06 3.91311705e-07
 1.68886273e-07 6.87616685e-07 2.92513420e-07 8.27634511e-07 1.06497510e-06
 8.48229663e-07 4.42082560e-06 1.15789424e-06 2.80297590e-07 2.64850128e-07
 4.56442754e-07 7.21798625e-07 2.33872051e-07 1.47959511e-07 1.53675948e-06
 1.07110341e-06 6.23866132e-07 9.61888762e-07 7.78630093e-07 6.83219898e-07
 1.07468221e-06 5.18012141e-07 3.56700515e-06 7.82399663e-08 9.53435527e-07
 2.32201273e-07 1.42301919e-06 1.22861350e-06 2.13205735e-06 5.78590676e-07
 3.30507717e-07 1.00245492e-06 1.00957459e-06 9.23841467e-07 4.69061045e-07
 7.93998840e-07 7.38340943e-07 6.42029129e-06 1.16715216e-07 1.27586613e-06
 6.33647171e-07 3.02995678e-07 2.70114514e-07 9.02332638e-07 1.02162647e-06
 2.06207660e-06 6.16026435e-06 9.99176523e-07 6.13308622e-07 6.98168807e-07
 5.88869541e-07 2.02366255e-06 1.04436290e-06 6.92991758e-07 6.17987449e-07
 2.03182365e-07 1.28628948e-06 2.26731226e-06 5.43071060e-07 6.60690763e-07
 3.40712261e-07 2.08249405e-07 6.10983449e-06 7.31478016e-07 2.06850887e-06
 2.20951473e-06 1.50608213e-07 3.12794431e-06 8.31154327e-07 6.97783323e-07
 2.48497827e-06 5.75125413e-07 6.79224715e-07 1.30797041e-05 7.87449374e-07
 3.28244069e-06 2.41853574e-06 1.33245073e-07 9.42554915e-07 9.78644109e-07
 2.68707606e-06 9.95627358e-07 8.79384366e-07 2.29363214e-07 1.05331974e-06
 2.42614091e-07 1.90875837e-07 8.14982118e-07 9.51617809e-07]
Energy of reidual density : 
[4.81859028e-08 8.41319534e-07 6.01660520e-09 3.17356652e-07 1.88462319e-07
 2.17930235e-08 2.77958394e-07 1.36287948e-07 6.22909625e-08 3.92636542e-09
 7.44837122e-09 5.76956524e-08 2.83884857e-10 7.61021125e-09 1.28706842e-09
 9.60184339e-10 1.38215911e-08 1.19183212e-08 6.24908134e-08 3.53471783e-09
 9.60394989e-10 1.27358892e-08 1.30765058e-09 1.87667867e-08 2.80796483e-08
 2.06569051e-08 3.07340167e-07 2.30047441e-08 1.52855419e-09 1.66653813e-09
 3.62504949e-09 1.33643670e-08 1.48483195e-09 4.23231497e-10 4.33178806e-08
 3.00107474e-08 7.91532905e-09 1.93862816e-08 1.42845245e-08 9.40178243e-09
 2.38165888e-08 6.18489682e-09 2.48995893e-07 9.68845679e-11 2.22415655e-08
 1.17715639e-09 4.71076975e-08 3.53558462e-08 1.12735891e-07 6.04497438e-09
 2.29083998e-09 2.23471533e-08 2.85908415e-08 1.66682971e-08 5.45831518e-09
 1.57947584e-08 9.18423260e-09 8.24606785e-07 3.26285062e-10 3.85254704e-08
 9.41986399e-09 2.22625214e-09 1.18303166e-09 1.69517908e-08 2.37769786e-08
 8.36648524e-08 6.34583628e-07 2.00185371e-08 9.45591618e-09 8.22495695e-09
 6.39762111e-09 8.32799462e-08 2.65245715e-08 1.32522444e-08 9.03178877e-09
 6.77132379e-10 3.99715369e-08 1.43971796e-07 5.08868579e-09 1.19254890e-08
 2.33044942e-09 9.08715912e-10 1.02436682e-06 8.26778519e-09 1.00726507e-07
 1.10374293e-07 5.28021241e-10 1.50222592e-07 1.28258984e-08 1.02428336e-08
 1.49464927e-07 6.20743587e-09 8.02279485e-09 3.41811089e-06 1.51532781e-08
 2.71671512e-07 1.24018021e-07 3.68724346e-10 1.96109721e-08 1.58049759e-08
 1.82172543e-07 1.81671544e-08 1.16078336e-08 8.99004054e-10 1.78718382e-08
 1.13953460e-09 6.42243585e-10 1.60926622e-08 2.44180288e-08]
----------------------------------------------------------------------------------------------------
   Embed: 60      2.649540010932E+02      -6.256434E-05   3.42E-06  1.31E-05  3.092871E+02    
----------------------------------------------------------------------------------------------------
Norm of reidual density : 
[2.28628218e-06 3.44883919e-06 5.16704305e-07 4.07467808e-06 3.19096350e-06
 6.62962784e-07 1.76746436e-06 2.06795035e-06 2.20951129e-06 7.52073408e-07
 4.78555930e-07 2.25265491e-06 2.50847574e-07 3.96094279e-07 3.79190146e-07
 1.78656646e-07 7.71452152e-07 9.20612608e-07 9.61025148e-07 2.36711704e-07
 1.61074623e-07 7.83890978e-07 3.64483233e-07 8.06713460e-07 5.00595485e-07
 5.09838112e-07 5.58797513e-07 1.05276322e-06 2.48438008e-07 1.60613707e-07
 2.60932772e-07 4.05608186e-07 1.42712435e-07 1.53657988e-07 1.83702806e-06
 1.36207806e-06 7.49290464e-07 1.02121280e-06 5.55391412e-07 6.49712228e-07
 8.68296044e-07 6.79312910e-07 3.45334727e-06 1.68114127e-07 1.04084665e-06
 3.61659240e-07 2.32565343e-06 1.34043366e-06 2.97968356e-06 6.54958359e-07
 3.56787175e-07 7.21314938e-07 1.13842148e-06 8.63996219e-07 2.39833403e-07
 7.41104388e-07 5.32087861e-07 1.07320408e-06 1.35048605e-07 1.26002015e-06
 7.59599087e-07 3.04431424e-07 3.80467563e-07 6.26333489e-07 9.73899898e-07
 1.43080745e-06 3.40706496e-06 1.26101767e-06 4.93710844e-07 4.84152833e-07
 2.66601168e-07 1.43891810e-06 1.24334351e-06 5.04880394e-07 3.79737369e-07
 2.45108839e-07 1.12534162e-06 2.60100644e-06 6.20094757e-07 2.54999809e-07
 4.76220777e-07 1.20917781e-07 4.52716134e-06 4.25181621e-07 7.89655972e-07
 2.11334905e-06 7.47405545e-07 1.93745136e-06 4.72955021e-07 4.24005281e-07
 2.59312344e-06 3.42871266e-07 6.48928028e-07 6.79634279e-06 7.64140348e-07
 3.31007037e-06 1.10205023e-06 3.58668167e-07 1.44902495e-06 1.33092799e-06
 1.36932615e-06 8.89768415e-07 5.52385479e-07 2.65266069e-07 6.18751640e-07
 1.59786455e-07 3.12253364e-07 6.17124072e-07 6.61528519e-07]
Energy of reidual density : 
[1.36752589e-07 1.12134437e-06 6.34298558e-09 3.78940711e-07 2.48640345e-07
 1.06646536e-08 7.83354552e-08 9.35413618e-08 9.16312109e-08 8.47279019e-09
 4.94151916e-09 1.29631978e-07 1.56324703e-09 2.46429043e-09 2.73862135e-09
 6.55057429e-10 1.32586957e-08 1.73837163e-08 2.23404727e-08 7.74978324e-10
 8.08607034e-10 1.51274953e-08 2.81510710e-09 1.48685998e-08 4.58407284e-09
 4.29415930e-09 5.04055825e-09 1.84665876e-08 1.21541532e-09 5.49154659e-10
 1.33285044e-09 2.54690142e-09 5.88709266e-10 4.29572828e-10 5.22726610e-08
 4.38234236e-08 1.09490052e-08 2.22161545e-08 6.76734725e-09 8.41239841e-09
 1.43907674e-08 1.10394017e-08 2.56836776e-07 5.57745831e-10 3.10945207e-08
 3.49846170e-09 1.10623988e-07 4.25677316e-08 2.06728487e-07 8.42533736e-09
 3.09686314e-09 9.70562248e-09 3.03970528e-08 1.37996981e-08 1.35349217e-09
 1.21077544e-08 6.20511527e-09 2.22235329e-08 4.17539750e-10 3.63002641e-08
 1.50042310e-08 1.98967216e-09 3.16300067e-09 9.23463872e-09 2.41297635e-08
 4.20819634e-08 2.80364227e-07 3.01065515e-08 5.72615766e-09 5.54749545e-09
 6.94217193e-10 3.87497399e-08 3.89113513e-08 4.48416083e-09 2.47096001e-09
 1.16780572e-09 3.05790258e-08 1.65157187e-07 1.10024955e-08 1.11462093e-09
 4.24608397e-09 4.00049707e-10 5.50917896e-07 2.39070816e-09 1.29708640e-08
 1.13296553e-07 1.57445453e-08 4.16868764e-08 4.06098496e-09 4.09235758e-09
 1.66350572e-07 2.53560558e-09 7.46199641e-09 1.03756053e-06 1.37092868e-08
 2.72870056e-07 3.38103674e-08 3.37130779e-09 4.41097057e-08 2.98086758e-08
 3.83803759e-08 1.63790483e-08 3.36143395e-09 1.86245224e-09 6.84366662e-09
 6.36670514e-10 2.29348046e-09 8.64791375e-09 1.04934427e-08]
----------------------------------------------------------------------------------------------------
   Embed: 61      2.649501093443E+02      -3.891749E-03   1.12E-06  6.80E-06  3.142410E+02    
----------------------------------------------------------------------------------------------------
Norm of reidual density : 
[7.51054501e-07 3.59737480e-06 3.98054699e-07 3.37433320e-06 2.88803935e-06
 7.46313184e-07 4.44312644e-07 2.51854676e-06 2.07850550e-06 6.99044791e-07
 2.84768720e-07 1.67580360e-06 2.84475816e-07 4.37059494e-07 4.05728093e-07
 1.92461210e-07 8.61192676e-07 8.84679477e-07 7.30055311e-07 1.79348582e-07
 1.34526789e-07 3.61680833e-07 3.21565609e-07 2.56611582e-07 6.28569546e-07
 1.28834060e-07 3.48253546e-07 1.21468349e-06 3.34561399e-07 1.42857784e-07
 1.81633476e-07 5.65574995e-07 5.15894280e-07 2.20013116e-07 8.19808633e-07
 5.96200578e-07 7.07743371e-07 9.64320827e-07 3.76319968e-07 3.42867609e-07
 5.06536996e-07 4.22581836e-07 3.81575741e-06 2.77021461e-07 1.05641806e-06
 3.21259917e-07 2.39803437e-06 1.19714450e-06 2.40078174e-06 5.08382177e-07
 2.03468891e-07 4.68750551e-07 1.18842829e-06 8.27199478e-07 1.35636439e-07
 7.29633113e-07 4.21734036e-07 4.26751078e-07 1.42040640e-07 1.35373816e-06
 8.25226402e-07 6.84929462e-07 2.30993599e-07 7.71104745e-07 7.98845987e-07
 6.07805115e-07 1.17551330e-06 7.28249319e-07 1.46534225e-06 3.81997323e-07
 1.08442401e-07 7.59265733e-07 8.02715848e-07 3.70851485e-07 5.84866836e-07
 6.24737101e-07 1.01349944e-06 1.01611578e-06 6.53971376e-07 2.72332384e-07
 1.56408462e-07 1.74217557e-07 2.53924465e-06 5.47565754e-07 3.13217421e-07
 1.30131869e-06 3.52047616e-07 2.54750694e-06 1.05230967e-07 2.67603452e-07
 3.05742451e-06 4.60564354e-07 7.08219767e-07 5.45761271e-06 1.03460281e-06
 3.16383076e-06 8.96900075e-07 1.51480469e-07 1.40828690e-06 1.36221305e-06
 1.22214201e-06 8.93874560e-07 4.16733368e-07 8.27157985e-08 8.73528389e-07
 1.26924803e-07 2.93126134e-07 5.47441815e-07 7.18236371e-07]
Energy of reidual density : 
[3.37731079e-08 1.17576725e-06 3.73679559e-09 2.67451740e-07 2.17214187e-07
 1.32648612e-08 4.09484476e-09 1.63652369e-07 7.99551063e-08 7.27697970e-09
 2.24263109e-09 7.81054095e-08 1.57451660e-09 3.40991239e-09 3.12912577e-09
 1.01748800e-09 1.70174281e-08 1.51698081e-08 1.15867750e-08 6.53844554e-10
 5.50431670e-10 3.76650932e-09 1.70040114e-09 1.47594271e-09 9.11372179e-09
 3.91048952e-10 3.37938023e-09 2.64788961e-08 1.96283241e-09 3.70174805e-10
 8.76494444e-10 6.75630216e-09 7.36482198e-09 7.91698547e-10 1.38795019e-08
 8.25019399e-09 9.70320822e-09 1.96249783e-08 3.17646142e-09 2.50598844e-09
 6.37816691e-09 3.08359870e-09 2.05740246e-07 1.30743152e-09 3.04445272e-08
 2.55827046e-09 1.08460611e-07 3.28358764e-08 1.23304659e-07 4.44819753e-09
 7.35479163e-10 4.19142651e-09 2.92835904e-08 1.34589426e-08 3.68326455e-10
 1.21686659e-08 3.95769969e-09 4.06381389e-09 3.84182179e-10 4.17152672e-08
 1.73805458e-08 9.48197993e-09 8.04768631e-10 1.37323816e-08 1.35158761e-08
 7.26618428e-09 2.85179666e-08 1.26172596e-08 4.35966928e-08 2.23633627e-09
 1.49692507e-10 1.35532785e-08 9.04061549e-09 2.52759194e-09 7.49227746e-09
 6.44933241e-09 2.69633337e-08 2.30738066e-08 6.85137248e-09 2.11510341e-09
 5.72791287e-10 7.99851158e-10 1.79671693e-07 4.83808312e-09 2.19399198e-09
 3.27587241e-08 3.48207695e-09 1.01144007e-07 1.27232114e-10 1.72006992e-09
 2.24537984e-07 5.64913159e-09 8.48125694e-09 6.62692753e-07 2.60406396e-08
 2.61606877e-07 2.40575636e-08 5.78760345e-10 4.32685961e-08 3.08653977e-08
 3.23724830e-08 1.58805269e-08 2.44652808e-09 1.12043618e-10 1.04652869e-08
 3.87733503e-10 2.00990918e-09 6.85577086e-09 1.42656084e-08]
----------------------------------------------------------------------------------------------------
   Embed: 62      2.649510498260E+02      9.404817E-04    1.18E-06  5.46E-06  3.191704E+02    
----------------------------------------------------------------------------------------------------
Norm of reidual density : 
[2.28492266e-06 4.16181959e-06 3.72695002e-07 3.96552345e-06 1.75951641e-06
 8.79635296e-07 4.00546744e-07 2.74157062e-06 1.58344785e-06 6.88014487e-07
 2.87155453e-07 2.12287186e-06 1.02907328e-07 4.97878913e-07 4.03382183e-07
 1.30932418e-07 6.09114016e-07 8.08635712e-07 7.74174788e-07 2.14847218e-07
 1.56732684e-07 3.14865847e-07 2.01220380e-07 1.44803050e-07 6.48569170e-07
 4.75033005e-08 2.85256136e-07 1.28365933e-06 2.58783716e-07 1.06319879e-07
 1.43798033e-07 6.68596644e-07 2.50295202e-07 1.58405127e-07 7.44247693e-07
 3.23205604e-07 8.26017146e-07 1.00952249e-06 1.92270304e-07 3.23828733e-07
 3.65429413e-07 4.48450102e-07 2.22770111e-06 1.92172773e-07 1.04543250e-06
 2.92438885e-07 2.47783073e-06 1.36845845e-06 1.03718936e-06 5.40484445e-07
 5.43098323e-07 1.33910442e-07 1.18179778e-06 8.01470702e-07 8.54842821e-08
 6.08606194e-07 1.04963741e-07 1.94694998e-07 8.81442244e-08 1.77422287e-06
 7.40940957e-07 1.01382136e-06 2.55038859e-07 8.30370060e-07 8.11869565e-07
 2.54017939e-07 1.67662381e-07 6.82751230e-07 5.06697228e-07 4.15548036e-07
 1.60732192e-07 1.11790800e-06 6.33502199e-07 1.92621871e-07 5.10990191e-07
 9.39244526e-07 4.42654856e-07 5.77670059e-07 6.93293752e-07 2.08641225e-07
 1.63211270e-07 2.52368943e-07 2.59076108e-06 5.44518007e-07 2.38319240e-07
 3.69565042e-07 3.50138176e-07 6.01976847e-07 2.36359136e-07 1.34842775e-07
 2.49457641e-06 4.04616939e-07 9.26876168e-07 3.20166068e-06 9.00170602e-07
 3.35504895e-06 9.62245490e-07 1.31855210e-07 1.25921515e-06 1.74198358e-06
 6.15082217e-07 9.04414052e-07 3.47350621e-07 5.39638879e-08 2.79265071e-07
 1.52199232e-07 2.19148501e-07 5.82646289e-07 7.65504025e-07]
Energy of reidual density : 
[1.29863115e-07 1.60873164e-06 3.38539209e-09 3.90502589e-07 6.29837864e-08
 1.81934429e-08 2.95182170e-09 1.98897542e-07 4.68524988e-08 7.13046826e-09
 2.51884641e-09 1.18151414e-07 1.89315426e-10 4.93680044e-09 3.25135620e-09
 3.76956795e-10 8.67093058e-09 1.28584831e-08 1.34485816e-08 1.05567123e-09
 6.84911552e-10 2.36821735e-09 6.68490076e-10 5.47617552e-10 9.88154594e-09
 3.39023114e-11 1.73589610e-09 3.25168940e-08 1.16054537e-09 2.30503333e-10
 4.23177366e-10 9.59623752e-09 1.75323591e-09 4.24796510e-10 1.38515966e-08
 2.42966459e-09 1.28809099e-08 2.17396728e-08 6.42295007e-10 2.03180566e-09
 2.81500401e-09 4.91474334e-09 6.08943652e-08 5.93925678e-10 2.70105109e-08
 1.97667031e-09 1.08159700e-07 4.10619792e-08 2.22645175e-08 5.27943961e-09
 5.48161050e-09 3.74971973e-10 2.85011395e-08 1.25553065e-08 1.83694971e-10
 8.07527950e-09 3.07311576e-10 6.14749338e-10 2.13601254e-10 7.18840974e-08
 1.37077696e-08 1.97814289e-08 1.82623847e-09 1.59818115e-08 1.58006164e-08
 1.53023527e-09 6.64076900e-10 1.16260675e-08 6.11369296e-09 2.49901246e-09
 5.54717007e-10 2.56676257e-08 1.07896316e-08 1.16953521e-09 6.94445858e-09
 1.35283278e-08 4.19482800e-09 8.50310974e-09 7.92513828e-09 8.47004427e-10
 7.73407478e-10 1.15669504e-09 1.68816431e-07 4.72623829e-09 1.34214148e-09
 1.67780836e-09 3.19529547e-09 4.73007264e-09 1.00970533e-09 2.88324378e-10
 1.47552270e-07 4.30740630e-09 1.78092123e-08 2.13405447e-07 1.96073499e-08
 3.15099449e-07 1.91784758e-08 5.38165165e-10 3.12080247e-08 5.31550314e-08
 6.65616918e-09 1.63393020e-08 2.27805933e-09 5.75150237e-11 1.97061050e-09
 5.00660897e-10 1.17502960e-09 8.63188782e-09 1.71194838e-08]
----------------------------------------------------------------------------------------------------
   Embed: 63      2.649514722687E+02      4.224427E-04    1.61E-06  4.16E-06  3.241430E+02    
----------------------------------------------------------------------------------------------------
Norm of reidual density : 
[1.98889695e-06 4.01454766e-06 3.91092925e-07 2.06468857e-06 1.23998135e-06
 8.78024330e-07 2.90660572e-07 3.09886559e-06 1.43694991e-06 5.93878437e-07
 4.06785272e-07 1.22429826e-06 1.39356242e-07 4.35642097e-07 3.61157031e-07
 1.14923479e-07 6.23235201e-07 7.29258710e-07 6.49483254e-07 9.38555263e-08
 2.29444590e-07 2.36727865e-07 1.39217289e-07 1.77964757e-07 3.62930579e-07
 8.27051179e-08 2.39942477e-07 1.76628113e-06 2.91811822e-07 1.48703541e-07
 9.56098111e-08 4.06206238e-07 2.16584041e-07 1.98924354e-07 8.61192099e-07
 9.40124548e-08 8.70647587e-07 9.94871334e-07 1.26209183e-07 4.05341637e-07
 5.12854812e-07 4.83657960e-07 1.71457853e-06 2.18400757e-07 1.56932345e-06
 3.16035881e-07 2.47859400e-06 1.28826024e-06 1.14997347e-06 3.48108773e-07
 5.47165095e-07 1.11558736e-07 1.15679856e-06 6.72369337e-07 1.41933565e-07
 5.81120209e-07 1.12674232e-07 4.22363713e-07 9.71251522e-08 1.85312344e-06
 3.60374280e-07 6.79228737e-07 5.30878853e-07 7.90389353e-07 7.31014046e-07
 2.75318544e-07 1.09515807e-07 5.79625621e-07 2.86954232e-07 9.31805765e-07
 1.97115193e-07 1.17970144e-06 3.98816103e-07 1.88032477e-07 5.18631612e-07
 9.03613856e-07 2.46564947e-07 5.64349506e-07 6.48740702e-07 6.18254071e-07
 1.99137617e-07 1.41120557e-07 1.62908413e-06 5.03565085e-07 7.58512904e-08
 5.49822294e-07 4.72876609e-07 5.28916164e-07 3.32094354e-07 7.18000541e-08
 2.60701430e-06 3.19793621e-07 5.54715614e-07 2.64783497e-06 7.18165360e-07
 2.79034061e-06 5.48414946e-07 9.10625414e-08 1.33512937e-06 1.64947972e-06
 4.29210981e-07 8.24369951e-07 3.67465623e-07 2.01752095e-07 2.47705006e-07
 1.11111112e-07 2.22819900e-07 6.69679397e-07 7.81110234e-07]
Energy of reidual density : 
[1.03373630e-07 1.49612208e-06 3.93687840e-09 1.10227806e-07 2.75575734e-08
 1.83831313e-08 2.37991652e-09 2.65374271e-07 4.14183023e-08 5.89435313e-09
 4.72547853e-09 3.46484056e-08 4.42890409e-10 3.47384615e-09 2.57921066e-09
 2.85076494e-10 8.96289282e-09 1.06097002e-08 8.33174413e-09 1.45825790e-10
 1.40045861e-09 1.29192668e-09 3.47197255e-10 5.41706729e-10 2.55493018e-09
 1.02208073e-10 1.25320332e-09 5.64284795e-08 1.62213592e-09 4.67267882e-10
 2.29985489e-10 3.67163539e-09 1.09343599e-09 9.22864323e-10 1.79921935e-08
 1.21264943e-10 1.43673218e-08 2.09443453e-08 3.12661284e-10 3.13757757e-09
 5.89047933e-09 5.41642786e-09 3.54216596e-08 7.34698148e-10 4.74382305e-08
 2.07798604e-09 1.06936754e-07 3.73308174e-08 3.02364851e-08 2.24978144e-09
 5.39890975e-09 2.51170051e-10 2.80560784e-08 9.82831750e-09 3.56880679e-10
 7.90054569e-09 2.70447572e-10 3.06328705e-09 2.85483518e-10 7.90473138e-08
 2.29562407e-09 1.01985648e-08 7.49564209e-09 1.46552203e-08 1.06531181e-08
 1.97441171e-09 2.75525051e-10 9.01281900e-09 1.67661787e-09 1.70772334e-08
 6.19829488e-10 2.83979406e-08 3.81268318e-09 8.80023306e-10 7.11935278e-09
 1.17750892e-08 1.45310631e-09 7.42927993e-09 7.31015905e-09 8.14052467e-09
 1.03849444e-09 3.47201787e-10 2.96346926e-08 4.70345049e-09 6.82871919e-11
 4.30826920e-09 5.80142484e-09 4.86865786e-09 1.72027876e-09 1.26942664e-10
 1.73383369e-07 2.35808301e-09 5.63379843e-09 1.49559379e-07 1.26438887e-08
 2.18234413e-07 5.16292922e-09 2.62796646e-10 3.78999190e-08 4.70916637e-08
 4.02531737e-09 1.60974227e-08 3.40193897e-09 9.70536032e-10 1.44036280e-09
 3.48581493e-10 1.14632620e-09 1.17125843e-08 1.75058472e-08]
----------------------------------------------------------------------------------------------------
   Embed: 64      2.649529056592E+02      1.433391E-03    1.50E-06  4.01E-06  3.290696E+02    
----------------------------------------------------------------------------------------------------
Norm of reidual density : 
[1.73278876e-06 4.03947350e-06 3.21550470e-07 8.55968685e-07 9.67920899e-07
 8.11990646e-07 5.70228207e-07 2.37494256e-06 1.29357546e-06 6.45081861e-07
 3.86929065e-07 1.22190579e-06 1.96262524e-07 3.22239725e-07 3.44559432e-07
 8.75250144e-08 5.32248125e-07 6.68640778e-07 8.26552972e-07 9.23728375e-08
 1.90933515e-07 1.54239813e-07 1.47089446e-07 2.38353458e-07 4.19283436e-07
 1.31049704e-07 2.30176777e-07 2.43012703e-06 2.23089605e-07 1.26540820e-07
 3.23982831e-08 2.56107510e-07 1.80675637e-07 2.18281482e-07 1.01894255e-06
 1.00238190e-07 8.61590661e-07 9.25052102e-07 8.80434006e-08 2.77795631e-07
 6.45646312e-07 4.59942165e-07 1.52676542e-06 2.57505207e-07 2.56375043e-06
 4.58011551e-07 2.65030938e-06 1.01409723e-06 8.68156220e-07 2.50215808e-07
 8.02787148e-07 8.92602915e-08 1.05925901e-06 6.53888683e-07 8.05392145e-08
 3.19698405e-07 9.56621043e-08 2.03556695e-07 7.69088111e-08 2.09455651e-06
 2.61829355e-07 1.05634870e-06 3.71136510e-07 8.66801141e-07 6.71455465e-07
 1.46110287e-07 1.18412985e-07 4.95296558e-07 2.38707646e-07 9.87578840e-07
 8.49279010e-08 1.20538985e-06 2.81023227e-07 1.68321132e-07 4.53609577e-07
 7.44619417e-07 7.83507382e-08 3.07798253e-07 5.23893006e-07 6.29155516e-07
 1.58645624e-07 2.18788642e-07 5.91062282e-07 3.55613434e-07 1.62582733e-07
 5.58880707e-07 5.02091270e-07 4.21415678e-07 5.31908776e-07 7.75162521e-08
 2.71162193e-06 1.67301204e-07 8.85481036e-07 8.33189708e-07 6.40889753e-07
 2.83589210e-06 3.99289611e-07 7.40169899e-08 1.40769626e-06 1.57358936e-06
 1.97245108e-07 6.51394483e-07 3.36966461e-07 2.10261702e-07 1.87338099e-07
 1.24620228e-07 3.38984476e-07 7.64888167e-07 5.83405952e-07]
Energy of reidual density : 
[8.61420917e-08 1.48331952e-06 2.63762014e-09 1.95317079e-08 1.62903140e-08
 1.58342252e-08 4.03160337e-09 1.05905594e-07 3.50893875e-08 1.04155934e-08
 4.29773664e-09 3.30552259e-08 8.70154870e-10 1.71812899e-09 2.32712718e-09
 1.79075869e-10 6.95417225e-09 9.28015554e-09 1.35953994e-08 1.69104733e-10
 9.26384908e-10 5.52294086e-10 3.48199083e-10 1.01997595e-09 3.56644862e-09
 2.95059485e-10 1.13864693e-09 9.40430154e-08 6.39024896e-10 3.73645894e-10
 2.02719485e-11 1.48864551e-09 7.56676521e-10 9.44032849e-10 2.52582872e-08
 2.62911392e-10 1.40301306e-08 1.81083481e-08 1.38518743e-10 1.94461113e-09
 9.90746237e-09 4.85309671e-09 3.09908838e-08 1.10850799e-09 1.12105581e-07
 5.70803566e-09 1.20708785e-07 2.50525451e-08 1.84702690e-08 1.29663013e-09
 1.16561833e-08 1.50187828e-10 2.27658565e-08 1.03649930e-08 1.50411338e-10
 2.79843063e-09 2.01732551e-10 6.04973876e-10 1.82694007e-10 1.00153448e-07
 1.33061077e-09 1.94170121e-08 3.59457158e-09 1.75868095e-08 1.05062966e-08
 5.55398755e-10 3.14631784e-10 7.00557482e-09 1.13445459e-09 1.86501140e-08
 1.07396129e-10 2.91621001e-08 1.91632511e-09 7.34818392e-10 5.30756168e-09
 8.01205592e-09 9.04024776e-11 1.78465322e-09 5.61567527e-09 8.64417610e-09
 6.28919485e-10 1.04716838e-09 5.95592590e-09 2.29318271e-09 4.43445003e-10
 4.82117515e-09 6.65669147e-09 3.39888922e-09 4.35492141e-09 1.55092066e-10
 1.76384842e-07 5.88870846e-10 1.39362719e-08 1.79857774e-08 1.06184139e-08
 2.26463059e-07 2.76411979e-09 1.71961357e-10 4.42929144e-08 4.20532963e-08
 6.05526118e-10 1.18483567e-08 2.62662245e-09 1.07851844e-09 8.47212878e-10
 4.19322308e-10 2.25866746e-09 1.61292825e-08 8.71823614e-09]
----------------------------------------------------------------------------------------------------
   Embed: 65      2.649530883353E+02      1.826761E-04    1.48E-06  4.04E-06  3.340102E+02    
----------------------------------------------------------------------------------------------------
Norm of reidual density : 
[1.62542193e-06 3.16957646e-06 3.27473028e-07 3.93181265e-07 5.48091145e-07
 4.97741923e-07 5.37036667e-07 2.65105381e-06 1.13882854e-06 6.64699207e-07
 5.25684035e-07 9.43473089e-07 3.49750904e-07 3.06470216e-07 2.78323649e-07
 1.22797179e-07 4.07118783e-07 6.53525127e-07 5.34584883e-07 1.30458291e-07
 1.48366459e-07 1.23216818e-07 1.19084558e-07 1.06544695e-07 2.15592346e-07
 1.14038279e-07 1.41308748e-07 4.72564355e-06 2.46145446e-07 9.75185655e-08
 7.69718403e-08 2.50924698e-07 1.62470249e-07 3.04232518e-07 9.12004213e-07
 4.51205595e-08 8.71367469e-07 9.25446127e-07 4.45839940e-08 1.79266352e-07
 7.41743168e-07 3.02323242e-07 1.07834318e-06 2.61063740e-07 2.08621208e-06
 4.39865028e-07 2.63053832e-06 1.00085737e-06 4.18865463e-07 1.58867458e-07
 1.06760429e-06 7.28582797e-08 1.38515970e-06 7.56980554e-07 6.03062055e-08
 3.49328071e-07 7.60232921e-08 2.79699553e-07 8.15890499e-08 1.82617848e-06
 1.66991469e-07 7.92407608e-07 2.37480157e-07 8.85935084e-07 3.50396842e-07
 1.20195456e-07 1.53670506e-07 5.68924683e-07 2.40536286e-07 6.49251649e-07
 3.74629246e-07 1.25850332e-06 1.95023112e-07 1.92127324e-07 3.96633075e-07
 3.19562361e-07 5.92850673e-08 2.83645263e-07 4.51549489e-07 5.41041287e-07
 1.04583695e-07 2.11504155e-07 1.51184067e-07 3.35225762e-07 2.68836220e-07
 6.14669241e-07 5.31728180e-07 7.18526150e-07 7.50449828e-07 7.77736574e-08
 1.91489222e-06 1.21996974e-07 4.26624168e-07 8.20513190e-07 4.43390273e-07
 2.54381342e-06 4.83715381e-07 1.63282599e-07 1.22607627e-06 1.60577032e-06
 4.58697548e-07 5.74792689e-07 4.01282050e-07 3.04714176e-07 1.20045249e-07
 1.19500545e-07 3.40004292e-07 7.37735994e-07 3.30968145e-07]
Energy of reidual density : 
[7.95826427e-08 8.39659904e-07 3.04365306e-09 3.94945302e-09 5.39922639e-09
 6.08256427e-09 4.26302910e-09 1.48743146e-07 2.63574929e-08 1.02847788e-08
 7.63867665e-09 1.95721680e-08 2.85062322e-09 1.39471695e-09 1.33971719e-09
 2.77090994e-10 3.72662734e-09 8.70733193e-09 5.92553060e-09 3.77925960e-10
 5.28683348e-10 4.47941664e-10 2.26272041e-10 2.19682384e-10 9.75553398e-10
 2.45091030e-10 2.91939056e-10 3.33999608e-07 1.15299943e-09 2.42946065e-10
 1.38776368e-10 1.54718358e-09 6.00499552e-10 2.16407571e-09 2.08300397e-08
 5.58308948e-11 1.48688400e-08 1.81843829e-08 4.19378782e-11 6.42543256e-10
 1.27981057e-08 1.98335615e-09 1.59933672e-08 1.09454694e-09 7.50422285e-08
 5.03930348e-09 1.19873610e-07 2.49297746e-08 4.47190305e-09 5.96424977e-10
 1.93099044e-08 8.83560022e-11 3.89084748e-08 1.48548607e-08 5.45323584e-11
 3.43835220e-09 1.49803806e-10 1.45686115e-09 1.89550891e-10 7.50465150e-08
 5.84739654e-10 1.10180073e-08 1.62682959e-09 1.75117248e-08 3.71630964e-09
 3.67836926e-10 4.29882744e-10 8.72241616e-09 1.38557412e-09 1.02701221e-08
 2.26396036e-09 3.20013389e-08 8.64713982e-10 9.25203029e-10 3.97196652e-09
 1.81026256e-09 7.04722046e-11 1.49737639e-09 5.00055515e-09 5.95984028e-09
 2.66046887e-10 9.39371464e-10 2.82326809e-10 2.31620840e-09 1.70204248e-09
 6.64165470e-09 7.78579965e-09 7.99819445e-09 8.04916393e-09 9.34299557e-11
 8.81818237e-08 2.63812835e-10 4.56243794e-09 1.53699325e-08 5.11333761e-09
 1.82318984e-07 4.05680954e-09 6.55762952e-10 3.26424373e-08 4.16802499e-08
 3.18872925e-09 8.99990169e-09 3.68029919e-09 2.40641267e-09 3.82961009e-10
 3.47135914e-10 2.38090356e-09 1.48579940e-08 2.67700867e-09]
----------------------------------------------------------------------------------------------------
   Embed: 66      2.649537945452E+02      7.062099E-04    8.40E-07  4.73E-06  3.389796E+02    
----------------------------------------------------------------------------------------------------
Norm of reidual density : 
[1.82468598e-06 2.88262521e-06 2.65157500e-07 6.79194677e-07 1.87786052e-07
 3.29601999e-07 7.86047044e-07 2.88437713e-06 9.32365306e-07 8.63256514e-07
 8.99363523e-07 8.12323628e-07 4.78782323e-07 2.93667425e-07 4.59147418e-07
 5.40961272e-08 5.55830888e-07 6.43247884e-07 5.18776756e-07 1.81846262e-07
 1.40113879e-07 9.49854343e-08 9.16923704e-08 1.98676409e-07 1.86169468e-07
 1.63590146e-07 5.21338080e-08 3.30643844e-06 4.79877234e-07 6.42404164e-08
 1.55096521e-07 2.55676411e-07 2.42916110e-07 3.50221152e-07 1.09417307e-06
 5.52143690e-08 7.97598199e-07 9.67059502e-07 4.89270482e-08 1.28456454e-07
 6.96311718e-07 1.92329382e-07 7.51706891e-07 3.31011352e-07 8.15316702e-07
 4.81743392e-07 2.55338734e-06 1.09136705e-06 4.08503664e-07 2.18154787e-07
 1.59048778e-06 9.32094123e-08 1.59256397e-06 8.39819188e-07 7.96001322e-08
 4.25624255e-07 6.72998240e-08 3.20757472e-07 8.14678465e-08 1.93155284e-06
 1.68890947e-07 8.24845036e-07 1.47536173e-07 8.80006895e-07 5.19459164e-07
 1.40849684e-07 9.09840339e-08 8.91210426e-07 2.76839272e-07 7.49875979e-07
 3.19300994e-07 1.33091513e-06 1.54155830e-07 2.43257921e-07 3.99764582e-07
 9.48675307e-07 4.08037743e-08 3.49134342e-07 3.68222572e-07 4.83099732e-07
 9.83465930e-08 3.01159395e-07 1.22941830e-07 3.63773786e-07 3.20861795e-07
 6.61134064e-07 5.91196108e-07 1.99709202e-07 7.47012863e-07 1.16714949e-07
 5.59955137e-07 2.18778314e-07 2.04326914e-07 5.48415023e-07 3.27592868e-07
 2.23085645e-06 3.41826532e-07 2.26754553e-07 1.13521200e-06 1.50040656e-06
 5.54389114e-07 2.77659739e-07 4.31247269e-07 2.81988357e-07 1.63921408e-07
 7.78044918e-08 5.67697509e-07 7.38087115e-07 1.08687514e-07]
Energy of reidual density : 
[9.06533021e-08 6.54179196e-07 1.90634045e-09 1.25668231e-08 6.55825894e-10
 2.82397220e-09 8.60190046e-09 1.83372747e-07 1.65011229e-08 1.75252524e-08
 2.14923555e-08 1.50228487e-08 4.81187361e-09 1.30856848e-09 4.62898010e-09
 5.26389753e-11 6.87867608e-09 8.61886611e-09 5.67868828e-09 7.42719752e-10
 4.80872261e-10 2.61824449e-10 1.41153922e-10 6.75812480e-10 8.62015398e-10
 7.17925213e-10 6.88596919e-11 1.98067324e-07 3.91275184e-09 1.03779107e-10
 3.32476720e-10 1.49911734e-09 1.41871457e-09 3.15431252e-09 2.76774005e-08
 6.02237203e-11 1.24394352e-08 2.04913129e-08 4.94825287e-11 3.58625013e-10
 1.16337355e-08 7.59396384e-10 8.98020873e-09 1.91645679e-09 1.25458970e-08
 5.82757274e-09 1.12106405e-07 2.94849629e-08 2.30094998e-09 1.10385351e-09
 3.88293225e-08 1.71182637e-10 5.41062338e-08 1.80574187e-08 1.30373285e-10
 5.00193193e-09 1.21193400e-10 1.71067942e-09 1.78877195e-10 8.42666427e-08
 4.85350385e-10 1.22544513e-08 6.05436433e-10 1.77893363e-08 5.39194074e-09
 5.30251000e-10 1.54757826e-10 2.02929996e-08 1.76929674e-09 1.39872293e-08
 1.74231710e-09 4.32397255e-08 4.63171255e-10 1.48889632e-09 4.01540714e-09
 1.51396371e-08 2.61734239e-11 2.61939592e-09 3.33570330e-09 5.11615271e-09
 2.24592654e-10 1.84415806e-09 3.06197406e-10 3.75817328e-09 2.39599267e-09
 7.10205809e-09 9.62614648e-09 6.34159359e-10 7.68298211e-09 2.00284492e-10
 6.24541682e-09 1.09520805e-09 8.93459891e-10 8.04192360e-09 2.97256362e-09
 1.39662549e-07 2.07184312e-09 1.13848450e-09 3.07041450e-08 3.58302027e-08
 4.71403599e-09 1.39602443e-09 4.75055508e-09 2.02141219e-09 4.67626322e-10
 1.04047726e-10 6.18461156e-09 1.49198301e-08 2.43720573e-10]
----------------------------------------------------------------------------------------------------
   Embed: 67      2.649529792299E+02      -8.153153E-04   6.54E-07  3.31E-06  3.439113E+02    
----------------------------------------------------------------------------------------------------
Norm of reidual density : 
[1.31785153e-06 2.61447670e-06 2.61916011e-07 5.82123762e-07 7.82145576e-08
 3.38565981e-07 6.92494772e-07 3.72073936e-06 8.30767229e-07 5.69501250e-07
 9.52833082e-07 7.40122505e-07 5.48945976e-07 2.36480144e-07 4.97700248e-07
 1.56008418e-07 2.72685757e-07 7.43567005e-07 6.18820833e-07 1.23949978e-07
 1.63755783e-07 1.32878632e-07 5.62900324e-08 6.67189571e-08 4.10569365e-08
 1.33918874e-07 1.62222539e-07 1.10264927e-06 1.87603087e-07 4.50325098e-08
 1.81548766e-07 2.55324155e-07 2.70506463e-07 3.64780998e-07 7.56615695e-07
 1.11152317e-07 7.97323985e-07 4.10248412e-07 5.54926408e-08 8.67384446e-08
 6.77599096e-07 1.51713623e-07 2.57589533e-07 3.01416022e-07 1.65324086e-07
 4.53638822e-07 2.79778334e-06 1.05238333e-06 1.31148888e-07 1.49732270e-07
 1.05668925e-06 1.14628037e-07 1.49627461e-06 9.13775652e-07 1.01294296e-07
 2.61281994e-07 5.62113783e-08 6.95441505e-07 2.08175162e-07 1.57954500e-06
 2.01545561e-07 1.99530024e-06 1.38941042e-07 8.53070821e-07 1.95802485e-07
 1.05284244e-07 3.21851633e-07 2.73773053e-06 2.25893894e-07 7.33642697e-07
 4.16481732e-07 1.58242062e-06 1.87951193e-07 1.74936124e-07 1.66586999e-07
 8.70725661e-07 1.52637458e-07 1.75513920e-07 2.83119118e-07 4.20024984e-07
 1.04719763e-07 3.02519005e-07 1.25241322e-07 3.29987639e-07 3.35860408e-07
 6.13450729e-07 6.00604892e-07 5.48268167e-07 9.27628178e-07 1.21375039e-07
 2.44472168e-07 2.91304498e-07 1.43472183e-07 6.92098993e-07 2.69725742e-07
 2.09237025e-06 2.01723000e-07 1.87291545e-07 7.65341225e-07 1.75266711e-06
 4.84141033e-07 2.72295817e-07 3.21676196e-07 2.52605980e-07 7.75565255e-08
 6.48733743e-08 3.64185434e-07 7.58344489e-07 1.21082619e-07]
Energy of reidual density : 
[6.49943749e-08 5.15980721e-07 1.74754995e-09 8.15770511e-09 1.66043205e-10
 2.99068384e-09 6.50074174e-09 3.31593336e-07 1.27276104e-08 7.52602776e-09
 2.41850695e-08 1.23872705e-08 7.02993249e-09 8.54521596e-10 4.45727368e-09
 4.65703567e-10 1.40882000e-09 1.13245824e-08 9.05525365e-09 3.16034956e-10
 7.73343635e-10 5.05438468e-10 6.99651166e-11 5.76346082e-11 2.58427963e-11
 3.24052250e-10 7.59486752e-10 1.43909029e-08 1.02476596e-09 4.59458607e-11
 7.98463097e-10 1.60094722e-09 1.84913154e-09 2.82782053e-09 1.21190117e-08
 3.10066872e-10 1.23016495e-08 3.60798868e-09 6.65551476e-11 1.87517738e-10
 1.12597919e-08 6.02863429e-10 1.72745796e-09 1.53117662e-09 4.15884443e-10
 5.05333893e-09 1.35094439e-07 2.72585244e-08 3.15336544e-10 4.82912481e-10
 1.72742084e-08 2.70796975e-10 4.87545214e-08 2.13002807e-08 2.19932387e-10
 1.72420190e-09 6.91447922e-11 7.88944976e-09 1.08487892e-09 6.33415027e-08
 6.45688538e-10 7.39502145e-08 5.34864663e-10 1.72032474e-08 7.15096267e-10
 3.00258024e-10 2.02292764e-09 1.87059681e-07 9.45683180e-10 1.38308385e-08
 2.85039451e-09 3.97070344e-08 8.88147443e-10 8.75089446e-10 7.32133370e-10
 1.28241062e-08 5.33348997e-10 8.94256791e-10 1.30042796e-09 3.94451307e-09
 2.82374182e-10 1.87778484e-09 4.07925707e-10 2.80688130e-09 2.76802728e-09
 7.28953372e-09 1.00253775e-08 4.66703110e-09 1.31690398e-08 2.50078691e-10
 1.08822761e-09 1.92951800e-09 4.74863301e-10 1.32471776e-08 1.90330950e-09
 1.23964571e-07 8.16707888e-10 7.23838865e-10 1.21309482e-08 5.12328419e-08
 3.66139400e-09 1.60048949e-09 2.50890333e-09 1.69983527e-09 1.22820469e-10
 1.14442329e-10 2.36671652e-09 1.57962841e-08 3.83631421e-10]
----------------------------------------------------------------------------------------------------
   Embed: 68      2.649533089232E+02      3.296933E-04    5.16E-07  3.72E-06  3.488580E+02    
----------------------------------------------------------------------------------------------------
Norm of reidual density : 
[1.55391011e-06 2.55785468e-06 2.03333725e-07 5.46944841e-07 6.74147218e-08
 2.20105646e-07 5.22497137e-07 6.69097121e-07 2.40739754e-07 4.29549007e-07
 1.44907973e-06 6.39262268e-07 5.97734594e-07 1.49900039e-07 5.82193657e-07
 1.04016938e-07 1.16091179e-07 1.40539019e-06 3.77064449e-07 1.88734176e-07
 9.17185186e-08 1.07079935e-07 4.69476790e-08 1.51004901e-07 2.50643707e-07
 2.11034184e-07 1.52365702e-07 7.97045103e-07 3.68686330e-07 5.05971426e-08
 2.32616007e-07 2.56004253e-07 2.18620383e-07 7.64195157e-07 7.66783790e-07
 6.18229680e-08 8.63993524e-07 2.88350271e-07 5.07327070e-08 1.32282915e-07
 7.28687157e-07 1.60361728e-07 9.71692378e-08 4.15475690e-07 2.57044312e-07
 5.10421405e-07 2.03456503e-06 9.93905087e-07 2.80591418e-07 1.43759451e-07
 4.64007584e-07 1.69468101e-07 5.18704840e-07 5.71032934e-07 2.39578753e-07
 1.70220616e-07 6.52336247e-08 1.51726543e-06 1.72032934e-07 1.27275117e-06
 1.40738361e-07 2.74459687e-06 1.80709394e-07 9.49703494e-07 1.80350619e-07
 1.34139624e-07 4.48480323e-07 1.36337507e-06 1.65748646e-07 5.53922954e-07
 7.75065619e-07 6.66065895e-07 1.44978255e-07 4.90570219e-07 9.13221967e-08
 9.28992585e-07 9.46962892e-08 1.49603145e-07 9.13938423e-08 4.76657158e-07
 1.61286435e-07 3.64477328e-07 3.21383254e-07 2.22105568e-07 3.85240694e-07
 1.01048287e-06 7.49426284e-07 1.85879507e-07 8.55743031e-07 5.86244942e-08
 1.20339244e-07 2.79097437e-07 1.40542960e-07 6.94153825e-07 3.04579570e-07
 6.84540485e-07 5.58937571e-08 2.89125629e-07 4.00894667e-07 1.54410751e-06
 7.72293027e-07 1.68181691e-07 4.40110933e-07 3.18444808e-07 4.35217286e-08
 8.12941432e-08 3.51676667e-07 8.43037173e-07 5.93802193e-08]
Energy of reidual density : 
[7.63189388e-08 4.64373473e-07 1.04804704e-09 8.18127611e-09 1.16145984e-10
 1.16618232e-09 3.73232075e-09 5.02761582e-09 8.17568561e-10 4.73267040e-09
 5.89766933e-08 9.41170250e-09 8.06675204e-09 4.14940512e-10 6.40602827e-09
 2.37732985e-10 3.46317153e-10 3.92421523e-08 3.34224236e-09 8.54277178e-10
 1.88658849e-10 3.59345045e-10 5.87682677e-11 4.66699366e-10 1.49192379e-09
 1.00894407e-09 4.42603144e-10 1.25289584e-08 3.53084916e-09 5.81523447e-11
 1.11411783e-09 1.68364022e-09 1.05820389e-09 1.30248774e-08 1.12780451e-08
 8.66994169e-11 1.65657891e-08 2.05197656e-09 7.00947885e-11 4.26033483e-10
 1.25445618e-08 6.62058139e-10 2.30596387e-10 2.91787649e-09 1.07453825e-09
 6.93097273e-09 6.93555774e-08 2.49813273e-08 1.37507672e-09 4.86025785e-10
 3.40202527e-09 6.47885839e-10 6.86222819e-09 7.04509946e-09 1.29733415e-09
 7.88790176e-10 7.74597496e-11 4.29370228e-08 6.98669207e-10 3.10664913e-08
 4.18906084e-10 1.40194091e-07 8.99945618e-10 2.22037755e-08 7.24436597e-10
 4.89176893e-10 3.70042632e-09 4.50474555e-08 4.56938509e-10 8.03159602e-09
 9.72919424e-09 1.10630290e-08 5.38909405e-10 6.15850420e-09 1.82037796e-10
 1.45656508e-08 1.62791847e-10 6.92283983e-10 1.25675328e-10 5.40059539e-09
 6.79642181e-10 2.82315578e-09 2.95910862e-09 1.21829240e-09 3.54635967e-09
 2.52819875e-08 1.44681827e-08 5.60231786e-10 1.08831483e-08 1.01934626e-10
 3.60163670e-10 1.66487554e-09 4.79582849e-10 7.71830827e-09 2.31446569e-09
 8.74567721e-09 5.85266740e-11 1.51353232e-09 2.86468854e-09 3.91656183e-08
 9.10145760e-09 4.41492994e-10 5.12279157e-09 2.51272234e-09 4.56442193e-11
 1.45205806e-10 2.37881334e-09 1.39317954e-08 8.63321031e-11]
----------------------------------------------------------------------------------------------------
   Embed: 69      2.649551754972E+02      1.866574E-03    4.64E-07  2.74E-06  3.538217E+02    
----------------------------------------------------------------------------------------------------
Norm of reidual density : 
[2.95003156e-06 1.44451263e-06 3.28231167e-07 4.89306743e-07 1.01244147e-07
 1.67062552e-07 4.09181323e-07 4.68464579e-07 1.19082911e-07 2.61918850e-07
 1.09939162e-06 6.45279212e-07 6.21631275e-07 5.09204806e-08 2.10268065e-07
 1.65038011e-07 8.87328784e-08 2.59271286e-07 2.47573491e-07 1.16266140e-07
 1.72275551e-07 1.82360055e-07 9.38002614e-08 2.37096624e-07 1.10218493e-07
 2.54489525e-07 3.05648616e-07 4.14459905e-07 2.00450700e-07 5.93042985e-08
 2.57718039e-07 1.28414672e-07 2.89091139e-07 5.69427337e-07 4.46861171e-07
 3.50259970e-08 8.77968336e-07 1.69090903e-07 4.24592661e-08 7.99234250e-08
 6.12971325e-07 5.97300352e-08 7.84023287e-08 4.05481872e-07 1.92305745e-07
 5.98061102e-07 2.18738294e-06 8.46445581e-07 2.07958053e-07 1.39295955e-07
 7.74393929e-07 1.86744809e-07 4.14670701e-07 5.79668559e-07 1.87820805e-07
 1.82949485e-07 9.64347137e-08 1.15837535e-06 2.32126654e-07 1.35276633e-06
 1.96519183e-07 7.90417319e-07 7.13512377e-08 8.51755502e-07 1.69278866e-07
 1.21682227e-07 5.89651307e-07 6.81437618e-07 3.94365571e-08 4.74183196e-07
 6.50145994e-07 2.28320835e-06 2.53088525e-07 4.12147159e-07 9.13515014e-08
 7.44574866e-07 8.75525858e-08 2.63423234e-07 6.82315071e-08 3.66741562e-07
 5.29222810e-08 3.07950364e-07 3.82401876e-07 1.84565967e-07 4.45329226e-07
 6.33353564e-07 8.35922259e-07 1.51616526e-06 8.27326322e-07 8.57946703e-08
 6.34629557e-08 4.14858516e-07 1.05202981e-07 1.16540101e-06 2.56252500e-07
 4.05648006e-07 3.77992446e-08 3.09396889e-07 1.68866566e-07 1.18428310e-06
 5.48808538e-07 2.10619763e-07 4.76272900e-07 2.92774192e-07 5.07820938e-08
 9.55959530e-08 4.37040676e-07 3.22096515e-07 7.49506672e-08]
Energy of reidual density : 
[1.95056141e-07 1.50921254e-07 2.21441592e-09 5.71187519e-09 2.44266661e-10
 7.46383813e-10 2.68460239e-09 5.31859237e-09 2.08571013e-10 1.76362152e-09
 3.25542313e-08 1.15525259e-08 8.66660421e-09 5.00177801e-11 8.83532598e-10
 6.23618065e-10 2.24228508e-10 1.78402071e-09 1.62693767e-09 2.90708351e-10
 7.37449558e-10 7.77964929e-10 2.70081636e-10 1.16031187e-09 3.33161979e-10
 1.86599396e-09 1.45773238e-09 2.05519171e-09 1.14006911e-09 6.90984307e-11
 1.42783734e-09 3.19175256e-10 1.79075932e-09 7.13487534e-09 3.30683409e-09
 3.41454124e-11 1.82911767e-08 7.90519473e-10 4.59550953e-11 1.32285577e-10
 8.56050750e-09 1.12593673e-10 1.32492892e-10 3.31541146e-09 5.78593535e-10
 8.72031616e-09 8.14574766e-08 1.83842042e-08 9.52881256e-10 4.34650786e-10
 1.06907041e-08 7.39784729e-10 4.41623617e-09 7.90205855e-09 7.30817264e-10
 9.10037644e-10 1.52914072e-10 2.33290021e-08 1.16837602e-09 3.75069848e-08
 8.04579642e-10 1.21684212e-08 1.37476672e-10 1.89570570e-08 5.07205474e-10
 3.06605205e-10 6.38486791e-09 1.14408582e-08 2.44672691e-11 4.98440493e-09
 6.90553795e-09 1.30616503e-07 1.37136671e-09 4.64921576e-09 1.92692636e-10
 9.34442509e-09 1.18298249e-10 1.80533224e-09 8.67369665e-11 3.61823481e-09
 7.38219024e-11 1.66784327e-09 4.07054495e-09 7.24565765e-10 4.69709941e-09
 9.43957001e-09 1.69690260e-08 3.63808229e-08 9.71949787e-09 1.77399255e-10
 5.86049178e-11 4.09046199e-09 2.79437191e-10 2.42574213e-08 1.64099007e-09
 4.58647160e-09 2.70164684e-11 2.27580126e-09 6.49419442e-10 1.96016151e-08
 4.90788293e-09 8.50713994e-10 5.16166678e-09 2.11751142e-09 7.47367593e-11
 2.44355006e-10 3.49140475e-09 3.13233474e-09 1.30537343e-10]
#### Subsystem Density Optimization Converged (Potential) In 70 Iterations ####
-------------------------------Energy information-------------------------------
       EWALD energy: -1.707385802498708E+04 (eV) = -6.274527144518765E+02 (a.u.)
     HARTREE energy:  3.685496762767042E+04 (eV) =  1.354395090153348E+03 (a.u.)
          KE energy:  3.653232976128621E+04 (eV) =  1.342538367158963E+03 (a.u.)
      PSEUDO energy: -9.990264677102373E+04 (eV) = -3.671354582290036E+03 (a.u.)
         VDW energy:  9.419386744956498E-02 (eV) =  3.461560810067385E-03 (a.u.)
          XC energy: -1.419534203927554E+04 (eV) = -5.216692022436453E+02 (a.u.)
       SUB_0 energy: -1.388821496599882E+03 (eV) = -5.103824903870095E+01 (a.u.)
       SUB_1 energy:  1.376806121771696E+02 (eV) =  5.059669215448249E+00 (a.u.)
       SUB_2 energy: -6.526483545409127E+00 (eV) = -2.398438484377383E-01 (a.u.)
       SUB_3 energy: -7.102330509026832E+00 (eV) = -2.610058341999499E-01 (a.u.)
       SUB_4 energy: -7.036176381213454E+00 (eV) = -2.585747148238866E-01 (a.u.)
       SUB_5 energy: -6.076520571804529E+00 (eV) = -2.233080140189525E-01 (a.u.)
       SUB_6 energy: -5.465223829534463E+00 (eV) = -2.008432729093794E-01 (a.u.)
       SUB_7 energy: -6.044773603792680E+00 (eV) = -2.221413344538830E-01 (a.u.)
       SUB_8 energy: -6.518078529198276E+00 (eV) = -2.395349697865985E-01 (a.u.)
       SUB_9 energy: -5.517678773704543E+00 (eV) = -2.027709565680915E-01 (a.u.)
      SUB_10 energy: -6.742037858962845E+00 (eV) = -2.477653234173918E-01 (a.u.)
      SUB_11 energy: -6.030250325488261E+00 (eV) = -2.216076138160803E-01 (a.u.)
      SUB_12 energy: -7.493637182832855E+00 (eV) = -2.753860893422502E-01 (a.u.)
      SUB_13 energy: -7.914170939499964E+00 (eV) = -2.908404199776147E-01 (a.u.)
      SUB_14 energy: -7.279576670586239E+00 (eV) = -2.675195105485448E-01 (a.u.)
      SUB_15 energy: -5.822718086300250E+00 (eV) = -2.139809446342102E-01 (a.u.)
      SUB_16 energy: -5.351156900061452E+00 (eV) = -1.966513905344476E-01 (a.u.)
      SUB_17 energy: -6.692207919676517E+00 (eV) = -2.459341069096510E-01 (a.u.)
      SUB_18 energy: -6.730569005150914E+00 (eV) = -2.473438508102390E-01 (a.u.)
      SUB_19 energy: -8.047124898410006E+00 (eV) = -2.957263878879219E-01 (a.u.)
      SUB_20 energy: -6.548541580847752E+00 (eV) = -2.406544662952363E-01 (a.u.)
      SUB_21 energy: -7.321056958574303E+00 (eV) = -2.690438830281723E-01 (a.u.)
      SUB_22 energy: -7.175809411227453E+00 (eV) = -2.637061340720264E-01 (a.u.)
      SUB_23 energy: -6.899418598339248E+00 (eV) = -2.535489589600823E-01 (a.u.)
      SUB_24 energy: -7.390233576345662E+00 (eV) = -2.715860768623788E-01 (a.u.)
      SUB_25 energy: -7.394537506871339E+00 (eV) = -2.717442433931767E-01 (a.u.)
      SUB_26 energy: -7.023837703459917E+00 (eV) = -2.581212767762073E-01 (a.u.)
      SUB_27 energy: -6.625201067107906E+00 (eV) = -2.434716504765753E-01 (a.u.)
      SUB_28 energy: -6.124922192638982E+00 (eV) = -2.250867407913084E-01 (a.u.)
      SUB_29 energy: -6.377158635827515E+00 (eV) = -2.343562591819799E-01 (a.u.)
      SUB_30 energy: -5.508867816590304E+00 (eV) = -2.024471598637874E-01 (a.u.)
      SUB_31 energy: -7.155067215262871E+00 (eV) = -2.629438724236852E-01 (a.u.)
      SUB_32 energy: -6.310358347035977E+00 (eV) = -2.319013938277594E-01 (a.u.)
      SUB_33 energy: -7.232398681043508E+00 (eV) = -2.657857513971189E-01 (a.u.)
      SUB_34 energy: -7.082733987282146E+00 (eV) = -2.602856753029670E-01 (a.u.)
      SUB_35 energy: -5.302002508007695E+00 (eV) = -1.948449999298036E-01 (a.u.)
      SUB_36 energy: -5.722863812343795E+00 (eV) = -2.103113677200819E-01 (a.u.)
      SUB_37 energy: -6.083360612212041E+00 (eV) = -2.235593808696299E-01 (a.u.)
      SUB_38 energy: -7.945315784675056E+00 (eV) = -2.919849719363867E-01 (a.u.)
      SUB_39 energy: -5.220715374372911E+00 (eV) = -1.918577528427940E-01 (a.u.)
      SUB_40 energy: -4.505118437210212E+00 (eV) = -1.655600502369108E-01 (a.u.)
      SUB_41 energy: -6.697810052071858E+00 (eV) = -2.461399814795948E-01 (a.u.)
      SUB_42 energy: -5.926270960070346E+00 (eV) = -2.177864425855960E-01 (a.u.)
      SUB_43 energy: -6.552788687623005E+00 (eV) = -2.408105445917057E-01 (a.u.)
      SUB_44 energy: -7.153997253335653E+00 (eV) = -2.629045520477860E-01 (a.u.)
      SUB_45 energy: -7.388058056519728E+00 (eV) = -2.715061279827449E-01 (a.u.)
      SUB_46 energy: -6.118547842229542E+00 (eV) = -2.248524877325435E-01 (a.u.)
      SUB_47 energy: -5.636271518017280E+00 (eV) = -2.071291595720304E-01 (a.u.)
      SUB_48 energy: -5.678919388411214E+00 (eV) = -2.086964399140072E-01 (a.u.)
      SUB_49 energy: -6.038181171051346E+00 (eV) = -2.218990670171772E-01 (a.u.)
      SUB_50 energy: -6.148636844655599E+00 (eV) = -2.259582381856484E-01 (a.u.)
      SUB_51 energy: -6.941840869637310E+00 (eV) = -2.551079486881349E-01 (a.u.)
      SUB_52 energy: -5.733631840385286E+00 (eV) = -2.107070854549979E-01 (a.u.)
      SUB_53 energy: -6.960832989049057E+00 (eV) = -2.558058962088801E-01 (a.u.)
      SUB_54 energy: -7.412560165710262E+00 (eV) = -2.724065638947044E-01 (a.u.)
      SUB_55 energy: -6.227812665313003E+00 (eV) = -2.288678959512067E-01 (a.u.)
      SUB_56 energy: -6.370086715019220E+00 (eV) = -2.340963708836785E-01 (a.u.)
      SUB_57 energy: -6.877862508521954E+00 (eV) = -2.527567872640875E-01 (a.u.)
      SUB_58 energy: -7.317423039309963E+00 (eV) = -2.689103389572791E-01 (a.u.)
      SUB_59 energy: -5.258486085653890E+00 (eV) = -1.932458008917672E-01 (a.u.)
      SUB_60 energy: -5.735929965092765E+00 (eV) = -2.107915399809608E-01 (a.u.)
      SUB_61 energy: -6.950073851465360E+00 (eV) = -2.554105051922644E-01 (a.u.)
      SUB_62 energy: -5.021648394749958E+00 (eV) = -1.845421762145145E-01 (a.u.)
      SUB_63 energy: -6.452485255287552E+00 (eV) = -2.371244614114651E-01 (a.u.)
      SUB_64 energy: -4.414278220231219E+00 (eV) = -1.622217338094547E-01 (a.u.)
      SUB_65 energy: -6.512059028596047E+00 (eV) = -2.393137572178290E-01 (a.u.)
      SUB_66 energy: -6.657970312950576E+00 (eV) = -2.446758980593087E-01 (a.u.)
      SUB_67 energy: -6.415297874396938E+00 (eV) = -2.357578503591169E-01 (a.u.)
      SUB_68 energy: -6.167442862044570E+00 (eV) = -2.266493465831454E-01 (a.u.)
      SUB_69 energy: -7.867237987240363E+00 (eV) = -2.891156657803249E-01 (a.u.)
      SUB_70 energy: -7.958444216825490E+00 (eV) = -2.924674329230736E-01 (a.u.)
      SUB_71 energy: -7.506919852357985E+00 (eV) = -2.758742184479575E-01 (a.u.)
      SUB_72 energy: -6.699085560850993E+00 (eV) = -2.461868555630389E-01 (a.u.)
      SUB_73 energy: -6.601199706775152E+00 (eV) = -2.425896167458692E-01 (a.u.)
      SUB_74 energy: -5.200621362145411E+00 (eV) = -1.911193115076300E-01 (a.u.)
      SUB_75 energy: -7.113743284115871E+00 (eV) = -2.614252459520312E-01 (a.u.)
      SUB_76 energy: -7.073040655593914E+00 (eV) = -2.599294519308994E-01 (a.u.)
      SUB_77 energy: -5.294478749110726E+00 (eV) = -1.945685068878751E-01 (a.u.)
      SUB_78 energy: -6.871334303683282E+00 (eV) = -2.525168801592885E-01 (a.u.)
      SUB_79 energy: -6.383118542947295E+00 (eV) = -2.345752817306455E-01 (a.u.)
      SUB_80 energy: -7.183828470298378E+00 (eV) = -2.640008290597695E-01 (a.u.)
      SUB_81 energy: -8.359938703321623E+00 (eV) = -3.072220832792372E-01 (a.u.)
      SUB_82 energy: -6.317583864412137E+00 (eV) = -2.321669266958644E-01 (a.u.)
      SUB_83 energy: -7.632094847691378E+00 (eV) = -2.804743147172655E-01 (a.u.)
      SUB_84 energy: -7.353621885835789E+00 (eV) = -2.702406220414781E-01 (a.u.)
      SUB_85 energy: -8.318617189709716E+00 (eV) = -3.057035456503598E-01 (a.u.)
      SUB_86 energy: -5.828226932492349E+00 (eV) = -2.141833909993887E-01 (a.u.)
      SUB_87 energy: -6.673345856901663E+00 (eV) = -2.452409388821950E-01 (a.u.)
      SUB_88 energy: -6.955113787763680E+00 (eV) = -2.555957194365446E-01 (a.u.)
      SUB_89 energy: -7.485924377472059E+00 (eV) = -2.751026489708597E-01 (a.u.)
      SUB_90 energy: -7.381551339559018E+00 (eV) = -2.712670105429025E-01 (a.u.)
      SUB_91 energy: -6.354198437687906E+00 (eV) = -2.335124874564585E-01 (a.u.)
      SUB_92 energy: -7.269283566037418E+00 (eV) = -2.671412459302118E-01 (a.u.)
      SUB_93 energy: -6.523528272730847E+00 (eV) = -2.397352441690828E-01 (a.u.)
      SUB_94 energy: -6.873013163773773E+00 (eV) = -2.525785771301443E-01 (a.u.)
      SUB_95 energy: -6.777224799728798E+00 (eV) = -2.490584196505070E-01 (a.u.)
      SUB_96 energy: -6.329574744388859E+00 (eV) = -2.326075834108874E-01 (a.u.)
      SUB_97 energy: -5.370611242402333E+00 (eV) = -1.973663244346708E-01 (a.u.)
      SUB_98 energy: -6.095982940219474E+00 (eV) = -2.240232428719597E-01 (a.u.)
      SUB_99 energy: -6.852143685111733E+00 (eV) = -2.518116379289088E-01 (a.u.)
     SUB_100 energy: -6.527784033382202E+00 (eV) = -2.398916404896356E-01 (a.u.)
     SUB_101 energy: -6.075950451315167E+00 (eV) = -2.232870624772394E-01 (a.u.)
     SUB_102 energy: -7.729379766436777E+00 (eV) = -2.840494695681901E-01 (a.u.)
     SUB_103 energy: -6.437223381169408E+00 (eV) = -2.365635978779252E-01 (a.u.)
     SUB_104 energy: -6.936343339481443E+00 (eV) = -2.549059181796212E-01 (a.u.)
     SUB_105 energy: -5.837102851136737E+00 (eV) = -2.145095749959127E-01 (a.u.)
     SUB_106 energy: -6.549664088018612E+00 (eV) = -2.406957176732387E-01 (a.u.)
     SUB_107 energy: -6.488040804977081E+00 (eV) = -2.384311037727800E-01 (a.u.)
     SUB_108 energy: -4.890368892965951E+00 (eV) = -1.797177434691024E-01 (a.u.)
       TOTAL energy: -5.973777426044583E+04 (eV) = -2.195322730233288E+03 (a.u.)
--------------------------------------------------------------------------------
Final energy (a.u.) -2195.322730233288
Final energy (eV) -59737.77426044583
Final energy (eV/atom) -174.67185456270713
Write Density...
--------------------------------Time information--------------------------------
Label                       Cost(s)                 Number          Avg. Cost(s)            
CBspline._calc_PME_Qarray   0.0169                  1               0.0169                  
FFT                         22.8264                 1858            0.0123                  
GGA                         5.7585                  145             0.0397                  
Hartree.compute             0.2202                  73              0.0030                  
InvFFT                      17.2150                 1570            0.0110                  
LibXC                       18.6625                 145             0.1287                  
LocalPseudo.local_PP        0.0405                  1               0.0405                  
Optimization.call_observers 0.0002                  71              0.0000                  
Optimization.optimize       556.4604                1               556.4604                
Optimization.step           171.0641                70              2.4438                  
XC.compute                  18.7265                 145             0.1291                  
ewald.Energy_corr           0.0001                  1               0.0001                  
ewald.Energy_real_fast2     0.0024                  1               0.0024                  
ewald.Energy_rec_PME        0.0203                  1               0.0203                  
ewald.energy                0.0228                  1               0.0228                  
init_optimizer              6.6526                  1               6.6526                  
TOTAL                       570.6180                1               570.6180                
--------------------------------------------------------------------------------
################################################################################
Finished on : 2026-07-22 15:50:48
